image_id,class_label,class_id
IM-0001-0001,NORMAL,0
IM-0003-0001,NORMAL,0
IM-0005-0001,NORMAL,0
IM-0006-0001,NORMAL,0
IM-0007-0001,NORMAL,0
IM-0009-0001,NORMAL,0
IM-0010-0001,NORMAL,0
IM-0011-0001-0001,NORMAL,0
IM-0011-0001,NORMAL,0
IM-0013-0001,NORMAL,0
IM-0015-0001,NORMAL,0
IM-0016-0001,NORMAL,0
IM-0017-0001,NORMAL,0
IM-0019-0001,NORMAL,0
IM-0021-0001,NORMAL,0
IM-0022-0001,NORMAL,0
IM-0023-0001,NORMAL,0
IM-0025-0001,NORMAL,0
IM-0027-0001,NORMAL,0
IM-0028-0001,NORMAL,0
IM-0029-0001,NORMAL,0
IM-0030-0001,NORMAL,0
IM-0031-0001,NORMAL,0
IM-0033-0001-0001,NORMAL,0
IM-0033-0001-0002,NORMAL,0
IM-0033-0001,NORMAL,0
IM-0035-0001,NORMAL,0
IM-0037-0001,NORMAL,0
IM-0039-0001,NORMAL,0
IM-0041-0001,NORMAL,0
IM-0043-0001,NORMAL,0
IM-0046-0001,NORMAL,0
IM-0049-0001,NORMAL,0
IM-0050-0001,NORMAL,0
IM-0059-0001,NORMAL,0
IM-0061-0001,NORMAL,0
IM-0063-0001,NORMAL,0
IM-0065-0001,NORMAL,0
IM-0067-0001,NORMAL,0
IM-0069-0001,NORMAL,0
IM-0070-0001,NORMAL,0
IM-0071-0001,NORMAL,0
IM-0073-0001,NORMAL,0
IM-0075-0001,NORMAL,0
IM-0077-0001,NORMAL,0
IM-0079-0001,NORMAL,0
IM-0081-0001,NORMAL,0
IM-0083-0001,NORMAL,0
IM-0084-0001,NORMAL,0
IM-0085-0001,NORMAL,0
IM-0086-0001,NORMAL,0
IM-0087-0001,NORMAL,0
IM-0089-0001,NORMAL,0
IM-0091-0001,NORMAL,0
IM-0093-0001,NORMAL,0
IM-0097-0001,NORMAL,0
IM-0099-0001,NORMAL,0
IM-0101-0001,NORMAL,0
IM-0102-0001,NORMAL,0
IM-0103-0001,NORMAL,0
IM-0105-0001,NORMAL,0
IM-0107-0001,NORMAL,0
IM-0109-0001,NORMAL,0
IM-0110-0001,NORMAL,0
IM-0111-0001,NORMAL,0
IM-0115-0001,NORMAL,0
IM-0117-0001,NORMAL,0
IM-0119-0001,NORMAL,0
IM-0122-0001,NORMAL,0
IM-0125-0001,NORMAL,0
IM-0127-0001,NORMAL,0
IM-0128-0001,NORMAL,0
IM-0129-0001,NORMAL,0
IM-0131-0001,NORMAL,0
IM-0133-0001,NORMAL,0
IM-0135-0001,NORMAL,0
IM-0137-0001,NORMAL,0
IM-0141-0001,NORMAL,0
IM-0143-0001,NORMAL,0
IM-0145-0001,NORMAL,0
IM-0147-0001,NORMAL,0
IM-0149-0001,NORMAL,0
IM-0151-0001,NORMAL,0
IM-0152-0001,NORMAL,0
IM-0154-0001,NORMAL,0
IM-0156-0001,NORMAL,0
IM-0158-0001,NORMAL,0
IM-0160-0001,NORMAL,0
IM-0162-0001,NORMAL,0
IM-0164-0001,NORMAL,0
IM-0166-0001,NORMAL,0
IM-0168-0001,NORMAL,0
IM-0170-0001,NORMAL,0
IM-0172-0001,NORMAL,0
IM-0176-0001,NORMAL,0
IM-0177-0001,NORMAL,0
IM-0178-0001,NORMAL,0
IM-0180-0001,NORMAL,0
IM-0182-0001,NORMAL,0
IM-0183-0001,NORMAL,0
IM-0185-0001,NORMAL,0
IM-0187-0001,NORMAL,0
IM-0189-0001,NORMAL,0
IM-0191-0001,NORMAL,0
IM-0193-0001,NORMAL,0
IM-0195-0001,NORMAL,0
IM-0199-0001,NORMAL,0
IM-0201-0001,NORMAL,0
IM-0203-0001,NORMAL,0
IM-0205-0001,NORMAL,0
IM-0206-0001,NORMAL,0
IM-0207-0001,NORMAL,0
IM-0209-0001,NORMAL,0
IM-0210-0001,NORMAL,0
IM-0211-0001,NORMAL,0
IM-0213-0001,NORMAL,0
IM-0214-0001,NORMAL,0
IM-0215-0001,NORMAL,0
IM-0216-0001,NORMAL,0
IM-0217-0001,NORMAL,0
IM-0218-0001,NORMAL,0
IM-0219-0001,NORMAL,0
IM-0220-0001,NORMAL,0
IM-0221-0001,NORMAL,0
IM-0222-0001,NORMAL,0
IM-0223-0001,NORMAL,0
IM-0224-0001,NORMAL,0
IM-0225-0001,NORMAL,0
IM-0226-0001,NORMAL,0
IM-0227-0001,NORMAL,0
IM-0228-0001,NORMAL,0
IM-0229-0001,NORMAL,0
IM-0230-0001,NORMAL,0
IM-0231-0001,NORMAL,0
IM-0234-0001,NORMAL,0
IM-0235-0001,NORMAL,0
IM-0236-0001,NORMAL,0
IM-0237-0001,NORMAL,0
IM-0239-0001,NORMAL,0
IM-0240-0001,NORMAL,0
IM-0241-0001,NORMAL,0
IM-0242-0001,NORMAL,0
IM-0243-0001,NORMAL,0
IM-0244-0001,NORMAL,0
IM-0245-0001,NORMAL,0
IM-0248-0001,NORMAL,0
IM-0249-0001,NORMAL,0
IM-0250-0001,NORMAL,0
IM-0251-0001,NORMAL,0
IM-0253-0001,NORMAL,0
IM-0255-0001,NORMAL,0
IM-0256-0001,NORMAL,0
IM-0257-0001,NORMAL,0
IM-0261-0001,NORMAL,0
IM-0262-0001,NORMAL,0
IM-0264-0001,NORMAL,0
IM-0265-0001,NORMAL,0
IM-0266-0001,NORMAL,0
IM-0268-0001,NORMAL,0
IM-0269-0001,NORMAL,0
IM-0270-0001,NORMAL,0
IM-0272-0001,NORMAL,0
IM-0273-0001,NORMAL,0
IM-0274-0001,NORMAL,0
IM-0275-0001,NORMAL,0
IM-0276-0001,NORMAL,0
IM-0277-0001,NORMAL,0
IM-0278-0001,NORMAL,0
IM-0279-0001,NORMAL,0
IM-0280-0001,NORMAL,0
IM-0282-0001,NORMAL,0
IM-0283-0001,NORMAL,0
IM-0285-0001,NORMAL,0
IM-0286-0001,NORMAL,0
IM-0288-0001,NORMAL,0
IM-0289-0001,NORMAL,0
IM-0290-0001,NORMAL,0
IM-0291-0001,NORMAL,0
IM-0292-0001,NORMAL,0
IM-0293-0001,NORMAL,0
IM-0294-0001,NORMAL,0
IM-0295-0001,NORMAL,0
IM-0297-0001,NORMAL,0
IM-0298-0001,NORMAL,0
IM-0299-0001,NORMAL,0
IM-0300-0001,NORMAL,0
IM-0301-0001,NORMAL,0
IM-0302-0001,NORMAL,0
IM-0303-0001,NORMAL,0
IM-0304-0001,NORMAL,0
IM-0305-0001,NORMAL,0
IM-0306-0001,NORMAL,0
IM-0307-0001,NORMAL,0
IM-0308-0001,NORMAL,0
IM-0309-0001,NORMAL,0
IM-0311-0001,NORMAL,0
IM-0312-0001,NORMAL,0
IM-0313-0001,NORMAL,0
IM-0314-0001,NORMAL,0
IM-0315-0001,NORMAL,0
IM-0316-0001,NORMAL,0
IM-0317-0001,NORMAL,0
IM-0318-0001,NORMAL,0
IM-0319-0001,NORMAL,0
IM-0320-0001,NORMAL,0
IM-0323-0001,NORMAL,0
IM-0324-0001,NORMAL,0
IM-0325-0001,NORMAL,0
IM-0326-0001,NORMAL,0
IM-0327-0001,NORMAL,0
IM-0329-0001,NORMAL,0
IM-0330-0001,NORMAL,0
IM-0331-0001,NORMAL,0
IM-0333-0001,NORMAL,0
IM-0335-0001,NORMAL,0
IM-0337-0001,NORMAL,0
IM-0338-0001,NORMAL,0
IM-0339-0001,NORMAL,0
IM-0340-0001,NORMAL,0
IM-0341-0001,NORMAL,0
IM-0343-0001,NORMAL,0
IM-0345-0001,NORMAL,0
IM-0346-0001,NORMAL,0
IM-0348-0001,NORMAL,0
IM-0349-0001,NORMAL,0
IM-0350-0001,NORMAL,0
IM-0351-0001,NORMAL,0
IM-0353-0001,NORMAL,0
IM-0354-0001,NORMAL,0
IM-0355-0001,NORMAL,0
IM-0356-0001,NORMAL,0
IM-0357-0001,NORMAL,0
IM-0358-0001,NORMAL,0
IM-0359-0001,NORMAL,0
IM-0361-0001,NORMAL,0
IM-0362-0001,NORMAL,0
IM-0363-0001,NORMAL,0
IM-0364-0001,NORMAL,0
IM-0365-0001,NORMAL,0
IM-0367-0001,NORMAL,0
IM-0368-0001,NORMAL,0
IM-0369-0001,NORMAL,0
IM-0370-0001,NORMAL,0
IM-0371-0001,NORMAL,0
IM-0374-0001,NORMAL,0
IM-0377-0001,NORMAL,0
IM-0379-0001,NORMAL,0
IM-0381-0001,NORMAL,0
IM-0382-0001,NORMAL,0
IM-0383-0001,NORMAL,0
IM-0384-0001,NORMAL,0
IM-0385-0001,NORMAL,0
IM-0386-0001,NORMAL,0
IM-0387-0001,NORMAL,0
IM-0388-0001,NORMAL,0
IM-0389-0001,NORMAL,0
IM-0391-0001,NORMAL,0
IM-0393-0001,NORMAL,0
IM-0394-0001,NORMAL,0
IM-0395-0001,NORMAL,0
IM-0399-0001,NORMAL,0
IM-0400-0001,NORMAL,0
IM-0401-0001,NORMAL,0
IM-0403-0001,NORMAL,0
IM-0404-0001,NORMAL,0
IM-0408-0001,NORMAL,0
IM-0409-0001,NORMAL,0
IM-0410-0001,NORMAL,0
IM-0411-0001,NORMAL,0
IM-0414-0001,NORMAL,0
IM-0416-0001,NORMAL,0
IM-0417-0001,NORMAL,0
IM-0419-0001,NORMAL,0
IM-0420-0001,NORMAL,0
IM-0421-0001,NORMAL,0
IM-0423-0001,NORMAL,0
IM-0424-0001,NORMAL,0
IM-0425-0001,NORMAL,0
IM-0427-0001,NORMAL,0
IM-0428-0001,NORMAL,0
IM-0429-0001-0001,NORMAL,0
IM-0429-0001-0002,NORMAL,0
IM-0429-0001,NORMAL,0
IM-0430-0001,NORMAL,0
IM-0431-0001,NORMAL,0
IM-0432-0001,NORMAL,0
IM-0433-0001,NORMAL,0
IM-0434-0001,NORMAL,0
IM-0435-0001-0001,NORMAL,0
IM-0435-0001,NORMAL,0
IM-0437-0001-0001,NORMAL,0
IM-0438-0001,NORMAL,0
IM-0439-0001-0001,NORMAL,0
IM-0439-0001-0002,NORMAL,0
IM-0439-0001,NORMAL,0
IM-0440-0001,NORMAL,0
IM-0441-0001,NORMAL,0
IM-0442-0001,NORMAL,0
IM-0444-0001,NORMAL,0
IM-0445-0001,NORMAL,0
IM-0446-0001,NORMAL,0
IM-0447-0001,NORMAL,0
IM-0448-0001,NORMAL,0
IM-0449-0001,NORMAL,0
IM-0450-0001,NORMAL,0
IM-0451-0001,NORMAL,0
IM-0452-0001,NORMAL,0
IM-0453-0001-0002,NORMAL,0
IM-0453-0001,NORMAL,0
IM-0456-0001,NORMAL,0
IM-0457-0001,NORMAL,0
IM-0458-0001,NORMAL,0
IM-0459-0001,NORMAL,0
IM-0460-0001,NORMAL,0
IM-0461-0001,NORMAL,0
IM-0463-0001,NORMAL,0
IM-0464-0001,NORMAL,0
IM-0465-0001,NORMAL,0
IM-0466-0001,NORMAL,0
IM-0467-0001-0001,NORMAL,0
IM-0467-0001-0002,NORMAL,0
IM-0467-0001,NORMAL,0
IM-0469-0001,NORMAL,0
IM-0471-0001,NORMAL,0
IM-0472-0001,NORMAL,0
IM-0473-0001,NORMAL,0
IM-0474-0001,NORMAL,0
IM-0475-0001,NORMAL,0
IM-0476-0001,NORMAL,0
IM-0477-0001,NORMAL,0
IM-0478-0001,NORMAL,0
IM-0479-0001,NORMAL,0
IM-0481-0001,NORMAL,0
IM-0482-0001,NORMAL,0
IM-0483-0001,NORMAL,0
IM-0484-0001,NORMAL,0
IM-0485-0001,NORMAL,0
IM-0486-0001,NORMAL,0
IM-0488-0001,NORMAL,0
IM-0489-0001,NORMAL,0
IM-0490-0001,NORMAL,0
IM-0491-0001-0001,NORMAL,0
IM-0491-0001-0002,NORMAL,0
IM-0491-0001,NORMAL,0
IM-0492-0001,NORMAL,0
IM-0493-0001,NORMAL,0
IM-0494-0001,NORMAL,0
IM-0495-0001,NORMAL,0
IM-0496-0001,NORMAL,0
IM-0497-0001-0001,NORMAL,0
IM-0497-0001-0002,NORMAL,0
IM-0497-0001,NORMAL,0
IM-0499-0001-0001,NORMAL,0
IM-0500-0001,NORMAL,0
IM-0501-0001-0001,NORMAL,0
IM-0501-0001-0002,NORMAL,0
IM-0501-0001,NORMAL,0
IM-0502-0001,NORMAL,0
IM-0503-0001,NORMAL,0
IM-0505-0001-0001,NORMAL,0
IM-0505-0001,NORMAL,0
IM-0507-0001,NORMAL,0
IM-0508-0001,NORMAL,0
IM-0509-0001-0001,NORMAL,0
IM-0509-0001-0002,NORMAL,0
IM-0509-0001,NORMAL,0
IM-0511-0001-0001,NORMAL,0
IM-0511-0001-0002,NORMAL,0
IM-0511-0001,NORMAL,0
IM-0512-0001,NORMAL,0
IM-0513-0001,NORMAL,0
IM-0514-0001,NORMAL,0
IM-0515-0001,NORMAL,0
IM-0516-0001,NORMAL,0
IM-0517-0001-0001,NORMAL,0
IM-0517-0001,NORMAL,0
IM-0519-0001-0002,NORMAL,0
IM-0519-0001,NORMAL,0
IM-0520-0001,NORMAL,0
IM-0521-0001,NORMAL,0
IM-0522-0001,NORMAL,0
IM-0523-0001-0001,NORMAL,0
IM-0523-0001-0002,NORMAL,0
IM-0523-0001-0003,NORMAL,0
IM-0523-0001,NORMAL,0
IM-0524-0001,NORMAL,0
IM-0525-0001-0001,NORMAL,0
IM-0525-0001-0002,NORMAL,0
IM-0525-0001,NORMAL,0
IM-0526-0001,NORMAL,0
IM-0527-0001,NORMAL,0
IM-0529-0001,NORMAL,0
IM-0530-0001,NORMAL,0
IM-0531-0001-0001,NORMAL,0
IM-0531-0001,NORMAL,0
IM-0532-0001,NORMAL,0
IM-0533-0001-0001,NORMAL,0
IM-0533-0001-0002,NORMAL,0
IM-0533-0001,NORMAL,0
IM-0534-0001,NORMAL,0
IM-0535-0001,NORMAL,0
IM-0536-0001,NORMAL,0
IM-0537-0001,NORMAL,0
IM-0538-0001,NORMAL,0
IM-0539-0001-0001,NORMAL,0
IM-0539-0001-0002,NORMAL,0
IM-0539-0001,NORMAL,0
IM-0540-0001,NORMAL,0
IM-0541-0001,NORMAL,0
IM-0542-0001,NORMAL,0
IM-0543-0001-0002,NORMAL,0
IM-0543-0001,NORMAL,0
IM-0544-0001,NORMAL,0
IM-0545-0001-0001,NORMAL,0
IM-0545-0001-0002,NORMAL,0
IM-0545-0001,NORMAL,0
IM-0546-0001,NORMAL,0
IM-0547-0001,NORMAL,0
IM-0548-0001,NORMAL,0
IM-0549-0001-0001,NORMAL,0
IM-0549-0001-0002,NORMAL,0
IM-0549-0001,NORMAL,0
IM-0551-0001-0001,NORMAL,0
IM-0551-0001-0002,NORMAL,0
IM-0552-0001,NORMAL,0
IM-0553-0001-0001,NORMAL,0
IM-0553-0001-0002,NORMAL,0
IM-0553-0001-0003,NORMAL,0
IM-0553-0001,NORMAL,0
IM-0554-0001,NORMAL,0
IM-0555-0001-0001,NORMAL,0
IM-0555-0001-0002,NORMAL,0
IM-0555-0001,NORMAL,0
IM-0556-0001,NORMAL,0
IM-0557-0001,NORMAL,0
IM-0559-0001,NORMAL,0
IM-0560-0001,NORMAL,0
IM-0561-0001,NORMAL,0
IM-0563-0001,NORMAL,0
IM-0564-0001,NORMAL,0
IM-0565-0001,NORMAL,0
IM-0566-0001,NORMAL,0
IM-0568-0001,NORMAL,0
IM-0569-0001,NORMAL,0
IM-0570-0001,NORMAL,0
IM-0571-0001,NORMAL,0
IM-0574-0001,NORMAL,0
IM-0575-0001,NORMAL,0
IM-0577-0001,NORMAL,0
IM-0578-0001,NORMAL,0
IM-0579-0001,NORMAL,0
IM-0580-0001,NORMAL,0
IM-0581-0001,NORMAL,0
IM-0582-0001,NORMAL,0
IM-0583-0001,NORMAL,0
IM-0584-0001,NORMAL,0
IM-0586-0001,NORMAL,0
IM-0588-0001,NORMAL,0
IM-0590-0001,NORMAL,0
IM-0591-0001,NORMAL,0
IM-0592-0001,NORMAL,0
IM-0593-0001,NORMAL,0
IM-0595-0001,NORMAL,0
IM-0596-0001,NORMAL,0
IM-0598-0001,NORMAL,0
IM-0599-0001,NORMAL,0
IM-0600-0001,NORMAL,0
IM-0601-0001,NORMAL,0
IM-0602-0001,NORMAL,0
IM-0604-0001,NORMAL,0
IM-0605-0001,NORMAL,0
IM-0606-0001,NORMAL,0
IM-0607-0001,NORMAL,0
IM-0608-0001-0001,NORMAL,0
IM-0608-0001-0002,NORMAL,0
IM-0608-0001,NORMAL,0
IM-0609-0001,NORMAL,0
IM-0612-0001-0001,NORMAL,0
IM-0612-0001-0002,NORMAL,0
IM-0612-0001,NORMAL,0
IM-0613-0001,NORMAL,0
IM-0614-0001,NORMAL,0
IM-0616-0001,NORMAL,0
IM-0617-0001,NORMAL,0
IM-0618-0001-0001,NORMAL,0
IM-0618-0001-0002,NORMAL,0
IM-0618-0001,NORMAL,0
IM-0619-0001,NORMAL,0
IM-0620-0001-0001,NORMAL,0
IM-0620-0001-0002,NORMAL,0
IM-0620-0001,NORMAL,0
IM-0621-0001,NORMAL,0
IM-0622-0001-0001,NORMAL,0
IM-0622-0001-0002,NORMAL,0
IM-0622-0001,NORMAL,0
IM-0623-0001,NORMAL,0
IM-0624-0001-0002,NORMAL,0
IM-0624-0001,NORMAL,0
IM-0625-0001,NORMAL,0
IM-0626-0001-0001,NORMAL,0
IM-0626-0001-0002,NORMAL,0
IM-0627-0001,NORMAL,0
IM-0628-0001,NORMAL,0
IM-0629-0001-0001,NORMAL,0
IM-0629-0001-0002,NORMAL,0
IM-0629-0001-0003,NORMAL,0
IM-0629-0001,NORMAL,0
IM-0630-0001,NORMAL,0
IM-0631-0001-0001,NORMAL,0
IM-0631-0001-0002,NORMAL,0
IM-0631-0001,NORMAL,0
IM-0633-0001,NORMAL,0
IM-0634-0001,NORMAL,0
IM-0635-0001,NORMAL,0
IM-0636-0001,NORMAL,0
IM-0637-0001,NORMAL,0
IM-0640-0001-0001,NORMAL,0
IM-0640-0001-0002,NORMAL,0
IM-0640-0001,NORMAL,0
IM-0641-0001,NORMAL,0
IM-0642-0001,NORMAL,0
IM-0643-0001,NORMAL,0
IM-0644-0001-0001,NORMAL,0
IM-0644-0001-0002,NORMAL,0
IM-0644-0001,NORMAL,0
IM-0645-0001,NORMAL,0
IM-0646-0001,NORMAL,0
IM-0648-0001,NORMAL,0
IM-0649-0001,NORMAL,0
IM-0650-0001-0001,NORMAL,0
IM-0650-0001-0002,NORMAL,0
IM-0650-0001,NORMAL,0
IM-0651-0001,NORMAL,0
IM-0652-0001-0002,NORMAL,0
IM-0652-0001,NORMAL,0
IM-0654-0001,NORMAL,0
IM-0655-0001,NORMAL,0
IM-0656-0001-0001,NORMAL,0
IM-0656-0001-0002,NORMAL,0
IM-0656-0001,NORMAL,0
IM-0657-0001,NORMAL,0
IM-0658-0001,NORMAL,0
IM-0659-0001,NORMAL,0
IM-0660-0001-0001,NORMAL,0
IM-0660-0001-0002,NORMAL,0
IM-0660-0001,NORMAL,0
IM-0661-0001,NORMAL,0
IM-0663-0001,NORMAL,0
IM-0664-0001,NORMAL,0
IM-0665-0001,NORMAL,0
IM-0666-0001-0001,NORMAL,0
IM-0666-0001-0002,NORMAL,0
IM-0666-0001,NORMAL,0
IM-0668-0001,NORMAL,0
IM-0669-0001,NORMAL,0
IM-0670-0001,NORMAL,0
IM-0671-0001,NORMAL,0
IM-0672-0001,NORMAL,0
IM-0673-0001,NORMAL,0
IM-0674-0001,NORMAL,0
IM-0675-0001,NORMAL,0
IM-0676-0001,NORMAL,0
IM-0677-0001,NORMAL,0
IM-0678-0001,NORMAL,0
IM-0679-0001,NORMAL,0
IM-0680-0001,NORMAL,0
IM-0682-0001,NORMAL,0
IM-0683-0001,NORMAL,0
IM-0684-0001,NORMAL,0
IM-0685-0001,NORMAL,0
IM-0686-0001,NORMAL,0
IM-0687-0001,NORMAL,0
IM-0688-0001,NORMAL,0
IM-0689-0001,NORMAL,0
IM-0691-0001,NORMAL,0
IM-0692-0001,NORMAL,0
IM-0693-0001,NORMAL,0
IM-0695-0001,NORMAL,0
IM-0696-0001,NORMAL,0
IM-0697-0001,NORMAL,0
IM-0698-0001,NORMAL,0
IM-0700-0001,NORMAL,0
IM-0701-0001,NORMAL,0
IM-0702-0001,NORMAL,0
IM-0703-0001,NORMAL,0
IM-0704-0001,NORMAL,0
IM-0705-0001,NORMAL,0
IM-0706-0001,NORMAL,0
IM-0709-0001,NORMAL,0
IM-0710-0001,NORMAL,0
IM-0711-0001,NORMAL,0
IM-0712-0001,NORMAL,0
IM-0713-0001,NORMAL,0
IM-0714-0001,NORMAL,0
IM-0715-0001,NORMAL,0
IM-0716-0001,NORMAL,0
IM-0717-0001,NORMAL,0
IM-0718-0001,NORMAL,0
IM-0719-0001,NORMAL,0
IM-0721-0001,NORMAL,0
IM-0722-0001,NORMAL,0
IM-0724-0001,NORMAL,0
IM-0727-0001,NORMAL,0
IM-0728-0001,NORMAL,0
IM-0729-0001,NORMAL,0
IM-0730-0001,NORMAL,0
IM-0732-0001,NORMAL,0
IM-0733-0001,NORMAL,0
IM-0734-0001,NORMAL,0
IM-0735-0001,NORMAL,0
IM-0736-0001,NORMAL,0
IM-0737-0001,NORMAL,0
IM-0738-0001,NORMAL,0
IM-0739-0001,NORMAL,0
IM-0740-0001,NORMAL,0
IM-0741-0001,NORMAL,0
IM-0742-0001,NORMAL,0
IM-0746-0001,NORMAL,0
IM-0747-0001,NORMAL,0
IM-0748-0001,NORMAL,0
IM-0750-0001,NORMAL,0
IM-0751-0001,NORMAL,0
IM-0752-0001,NORMAL,0
IM-0753-0001,NORMAL,0
IM-0754-0001,NORMAL,0
IM-0755-0001,NORMAL,0
IM-0757-0001,NORMAL,0
IM-0761-0001,NORMAL,0
IM-0764-0001,NORMAL,0
IM-0766-0001,NORMAL,0
NORMAL2-IM-0007-0001,NORMAL,0
NORMAL2-IM-0012-0001,NORMAL,0
NORMAL2-IM-0013-0001,NORMAL,0
NORMAL2-IM-0019-0001,NORMAL,0
NORMAL2-IM-0023-0001,NORMAL,0
NORMAL2-IM-0027-0001,NORMAL,0
NORMAL2-IM-0028-0001,NORMAL,0
NORMAL2-IM-0029-0001,NORMAL,0
NORMAL2-IM-0030-0001,NORMAL,0
NORMAL2-IM-0033-0001,NORMAL,0
NORMAL2-IM-0035-0001,NORMAL,0
NORMAL2-IM-0041-0001,NORMAL,0
NORMAL2-IM-0045-0001,NORMAL,0
NORMAL2-IM-0052-0001,NORMAL,0
NORMAL2-IM-0058-0001,NORMAL,0
NORMAL2-IM-0059-0001,NORMAL,0
NORMAL2-IM-0060-0001,NORMAL,0
NORMAL2-IM-0066-0001,NORMAL,0
NORMAL2-IM-0073-0001,NORMAL,0
NORMAL2-IM-0079-0001,NORMAL,0
NORMAL2-IM-0081-0001,NORMAL,0
NORMAL2-IM-0086-0001,NORMAL,0
NORMAL2-IM-0092-0001,NORMAL,0
NORMAL2-IM-0095-0001,NORMAL,0
NORMAL2-IM-0096-0001,NORMAL,0
NORMAL2-IM-0098-0001,NORMAL,0
NORMAL2-IM-0102-0001,NORMAL,0
NORMAL2-IM-0105-0001,NORMAL,0
NORMAL2-IM-0107-0001,NORMAL,0
NORMAL2-IM-0110-0001,NORMAL,0
NORMAL2-IM-0111-0001,NORMAL,0
NORMAL2-IM-0112-0001,NORMAL,0
NORMAL2-IM-0117-0001,NORMAL,0
NORMAL2-IM-0120-0001,NORMAL,0
NORMAL2-IM-0123-0001,NORMAL,0
NORMAL2-IM-0129-0001,NORMAL,0
NORMAL2-IM-0130-0001,NORMAL,0
NORMAL2-IM-0131-0001,NORMAL,0
NORMAL2-IM-0132-0001,NORMAL,0
NORMAL2-IM-0135-0001,NORMAL,0
NORMAL2-IM-0139-0001,NORMAL,0
NORMAL2-IM-0141-0001,NORMAL,0
NORMAL2-IM-0145-0001,NORMAL,0
NORMAL2-IM-0146-0001,NORMAL,0
NORMAL2-IM-0150-0001,NORMAL,0
NORMAL2-IM-0171-0001,NORMAL,0
NORMAL2-IM-0173-0001-0001,NORMAL,0
NORMAL2-IM-0173-0001-0002,NORMAL,0
NORMAL2-IM-0195-0001,NORMAL,0
NORMAL2-IM-0196-0001,NORMAL,0
NORMAL2-IM-0198-0001,NORMAL,0
NORMAL2-IM-0199-0001,NORMAL,0
NORMAL2-IM-0201-0001,NORMAL,0
NORMAL2-IM-0206-0001,NORMAL,0
NORMAL2-IM-0207-0001,NORMAL,0
NORMAL2-IM-0210-0001,NORMAL,0
NORMAL2-IM-0213-0001,NORMAL,0
NORMAL2-IM-0217-0001,NORMAL,0
NORMAL2-IM-0219-0001,NORMAL,0
NORMAL2-IM-0222-0001,NORMAL,0
NORMAL2-IM-0229-0001,NORMAL,0
NORMAL2-IM-0232-0001,NORMAL,0
NORMAL2-IM-0233-0001,NORMAL,0
NORMAL2-IM-0237-0001,NORMAL,0
NORMAL2-IM-0238-0001,NORMAL,0
NORMAL2-IM-0241-0001,NORMAL,0
NORMAL2-IM-0246-0001-0001,NORMAL,0
NORMAL2-IM-0246-0001-0002,NORMAL,0
NORMAL2-IM-0246-0001,NORMAL,0
NORMAL2-IM-0249-0001,NORMAL,0
NORMAL2-IM-0251-0001,NORMAL,0
NORMAL2-IM-0252-0001,NORMAL,0
NORMAL2-IM-0256-0001,NORMAL,0
NORMAL2-IM-0259-0001,NORMAL,0
NORMAL2-IM-0267-0001,NORMAL,0
NORMAL2-IM-0271-0001,NORMAL,0
NORMAL2-IM-0272-0001,NORMAL,0
NORMAL2-IM-0273-0001,NORMAL,0
NORMAL2-IM-0275-0001,NORMAL,0
NORMAL2-IM-0276-0001,NORMAL,0
NORMAL2-IM-0277-0001,NORMAL,0
NORMAL2-IM-0278-0001,NORMAL,0
NORMAL2-IM-0279-0001,NORMAL,0
NORMAL2-IM-0280-0001,NORMAL,0
NORMAL2-IM-0281-0001,NORMAL,0
NORMAL2-IM-0282-0001,NORMAL,0
NORMAL2-IM-0283-0001,NORMAL,0
NORMAL2-IM-0285-0001,NORMAL,0
NORMAL2-IM-0286-0001,NORMAL,0
NORMAL2-IM-0287-0001,NORMAL,0
NORMAL2-IM-0288-0001,NORMAL,0
NORMAL2-IM-0289-0001,NORMAL,0
NORMAL2-IM-0290-0001,NORMAL,0
NORMAL2-IM-0292-0001,NORMAL,0
NORMAL2-IM-0294-0001,NORMAL,0
NORMAL2-IM-0297-0001,NORMAL,0
NORMAL2-IM-0300-0001,NORMAL,0
NORMAL2-IM-0301-0001,NORMAL,0
NORMAL2-IM-0302-0001,NORMAL,0
NORMAL2-IM-0303-0001,NORMAL,0
NORMAL2-IM-0304-0001,NORMAL,0
NORMAL2-IM-0305-0001,NORMAL,0
NORMAL2-IM-0307-0001,NORMAL,0
NORMAL2-IM-0309-0001,NORMAL,0
NORMAL2-IM-0310-0001,NORMAL,0
NORMAL2-IM-0311-0001,NORMAL,0
NORMAL2-IM-0312-0001,NORMAL,0
NORMAL2-IM-0313-0001,NORMAL,0
NORMAL2-IM-0315-0001,NORMAL,0
NORMAL2-IM-0316-0001,NORMAL,0
NORMAL2-IM-0317-0001,NORMAL,0
NORMAL2-IM-0319-0001,NORMAL,0
NORMAL2-IM-0321-0001,NORMAL,0
NORMAL2-IM-0322-0001,NORMAL,0
NORMAL2-IM-0323-0001,NORMAL,0
NORMAL2-IM-0325-0001,NORMAL,0
NORMAL2-IM-0326-0001,NORMAL,0
NORMAL2-IM-0327-0001,NORMAL,0
NORMAL2-IM-0328-0001,NORMAL,0
NORMAL2-IM-0329-0001,NORMAL,0
NORMAL2-IM-0330-0001,NORMAL,0
NORMAL2-IM-0331-0001,NORMAL,0
NORMAL2-IM-0333-0001,NORMAL,0
NORMAL2-IM-0336-0001,NORMAL,0
NORMAL2-IM-0337-0001,NORMAL,0
NORMAL2-IM-0338-0001,NORMAL,0
NORMAL2-IM-0339-0001,NORMAL,0
NORMAL2-IM-0340-0001,NORMAL,0
NORMAL2-IM-0341-0001,NORMAL,0
NORMAL2-IM-0343-0001,NORMAL,0
NORMAL2-IM-0345-0001,NORMAL,0
NORMAL2-IM-0346-0001,NORMAL,0
NORMAL2-IM-0347-0001,NORMAL,0
NORMAL2-IM-0348-0001,NORMAL,0
NORMAL2-IM-0349-0001,NORMAL,0
NORMAL2-IM-0350-0001,NORMAL,0
NORMAL2-IM-0351-0001,NORMAL,0
NORMAL2-IM-0352-0001,NORMAL,0
NORMAL2-IM-0353-0001,NORMAL,0
NORMAL2-IM-0354-0001,NORMAL,0
NORMAL2-IM-0357-0001,NORMAL,0
NORMAL2-IM-0359-0001,NORMAL,0
NORMAL2-IM-0360-0001,NORMAL,0
NORMAL2-IM-0361-0001,NORMAL,0
NORMAL2-IM-0362-0001,NORMAL,0
NORMAL2-IM-0364-0001,NORMAL,0
NORMAL2-IM-0366-0001,NORMAL,0
NORMAL2-IM-0369-0001,NORMAL,0
NORMAL2-IM-0370-0001,NORMAL,0
NORMAL2-IM-0372-0001,NORMAL,0
NORMAL2-IM-0373-0001,NORMAL,0
NORMAL2-IM-0374-0001-0001,NORMAL,0
NORMAL2-IM-0374-0001-0002,NORMAL,0
NORMAL2-IM-0374-0001,NORMAL,0
NORMAL2-IM-0376-0001,NORMAL,0
NORMAL2-IM-0378-0001,NORMAL,0
NORMAL2-IM-0381-0001,NORMAL,0
NORMAL2-IM-0383-0001,NORMAL,0
NORMAL2-IM-0384-0001,NORMAL,0
NORMAL2-IM-0385-0001,NORMAL,0
NORMAL2-IM-0386-0001,NORMAL,0
NORMAL2-IM-0388-0001,NORMAL,0
NORMAL2-IM-0389-0001,NORMAL,0
NORMAL2-IM-0390-0001,NORMAL,0
NORMAL2-IM-0391-0001,NORMAL,0
NORMAL2-IM-0392-0001,NORMAL,0
NORMAL2-IM-0393-0001,NORMAL,0
NORMAL2-IM-0394-0001,NORMAL,0
NORMAL2-IM-0395-0001-0002,NORMAL,0
NORMAL2-IM-0395-0001,NORMAL,0
NORMAL2-IM-0396-0001,NORMAL,0
NORMAL2-IM-0397-0001,NORMAL,0
NORMAL2-IM-0399-0001,NORMAL,0
NORMAL2-IM-0401-0001,NORMAL,0
NORMAL2-IM-0402-0001,NORMAL,0
NORMAL2-IM-0403-0001,NORMAL,0
NORMAL2-IM-0404-0001,NORMAL,0
NORMAL2-IM-0406-0001,NORMAL,0
NORMAL2-IM-0407-0001,NORMAL,0
NORMAL2-IM-0410-0001,NORMAL,0
NORMAL2-IM-0412-0001,NORMAL,0
NORMAL2-IM-0413-0001,NORMAL,0
NORMAL2-IM-0414-0001,NORMAL,0
NORMAL2-IM-0415-0001,NORMAL,0
NORMAL2-IM-0416-0001-0001,NORMAL,0
NORMAL2-IM-0416-0001-0002,NORMAL,0
NORMAL2-IM-0416-0001,NORMAL,0
NORMAL2-IM-0417-0001,NORMAL,0
NORMAL2-IM-0419-0001,NORMAL,0
NORMAL2-IM-0421-0001,NORMAL,0
NORMAL2-IM-0423-0001,NORMAL,0
NORMAL2-IM-0424-0001,NORMAL,0
NORMAL2-IM-0425-0001,NORMAL,0
NORMAL2-IM-0427-0001,NORMAL,0
NORMAL2-IM-0428-0001,NORMAL,0
NORMAL2-IM-0429-0001,NORMAL,0
NORMAL2-IM-0433-0001,NORMAL,0
NORMAL2-IM-0435-0001,NORMAL,0
NORMAL2-IM-0437-0001,NORMAL,0
NORMAL2-IM-0439-0001,NORMAL,0
NORMAL2-IM-0440-0001,NORMAL,0
NORMAL2-IM-0441-0001,NORMAL,0
NORMAL2-IM-0443-0001,NORMAL,0
NORMAL2-IM-0445-0001,NORMAL,0
NORMAL2-IM-0447-0001,NORMAL,0
NORMAL2-IM-0448-0001,NORMAL,0
NORMAL2-IM-0449-0001,NORMAL,0
NORMAL2-IM-0450-0001,NORMAL,0
NORMAL2-IM-0451-0001,NORMAL,0
NORMAL2-IM-0452-0001,NORMAL,0
NORMAL2-IM-0453-0001,NORMAL,0
NORMAL2-IM-0454-0001,NORMAL,0
NORMAL2-IM-0455-0001,NORMAL,0
NORMAL2-IM-0456-0001,NORMAL,0
NORMAL2-IM-0458-0001,NORMAL,0
NORMAL2-IM-0460-0001,NORMAL,0
NORMAL2-IM-0462-0001,NORMAL,0
NORMAL2-IM-0463-0001,NORMAL,0
NORMAL2-IM-0464-0001,NORMAL,0
NORMAL2-IM-0465-0001,NORMAL,0
NORMAL2-IM-0466-0001,NORMAL,0
NORMAL2-IM-0468-0001,NORMAL,0
NORMAL2-IM-0472-0001,NORMAL,0
NORMAL2-IM-0473-0001,NORMAL,0
NORMAL2-IM-0474-0001,NORMAL,0
NORMAL2-IM-0475-0001,NORMAL,0
NORMAL2-IM-0476-0001,NORMAL,0
NORMAL2-IM-0478-0001,NORMAL,0
NORMAL2-IM-0479-0001,NORMAL,0
NORMAL2-IM-0480-0001,NORMAL,0
NORMAL2-IM-0481-0001,NORMAL,0
NORMAL2-IM-0482-0001,NORMAL,0
NORMAL2-IM-0485-0001,NORMAL,0
NORMAL2-IM-0486-0001,NORMAL,0
NORMAL2-IM-0487-0001,NORMAL,0
NORMAL2-IM-0488-0001,NORMAL,0
NORMAL2-IM-0489-0001,NORMAL,0
NORMAL2-IM-0490-0001,NORMAL,0
NORMAL2-IM-0491-0001,NORMAL,0
NORMAL2-IM-0493-0001,NORMAL,0
NORMAL2-IM-0496-0001,NORMAL,0
NORMAL2-IM-0497-0001,NORMAL,0
NORMAL2-IM-0499-0001,NORMAL,0
NORMAL2-IM-0500-0001,NORMAL,0
NORMAL2-IM-0501-0001,NORMAL,0
NORMAL2-IM-0503-0001,NORMAL,0
NORMAL2-IM-0506-0001,NORMAL,0
NORMAL2-IM-0507-0001,NORMAL,0
NORMAL2-IM-0508-0001,NORMAL,0
NORMAL2-IM-0509-0001,NORMAL,0
NORMAL2-IM-0511-0001,NORMAL,0
NORMAL2-IM-0512-0001,NORMAL,0
NORMAL2-IM-0513-0001,NORMAL,0
NORMAL2-IM-0515-0001,NORMAL,0
NORMAL2-IM-0517-0001,NORMAL,0
NORMAL2-IM-0518-0001,NORMAL,0
NORMAL2-IM-0520-0001,NORMAL,0
NORMAL2-IM-0521-0001,NORMAL,0
NORMAL2-IM-0523-0001,NORMAL,0
NORMAL2-IM-0525-0001,NORMAL,0
NORMAL2-IM-0526-0001,NORMAL,0
NORMAL2-IM-0528-0001,NORMAL,0
NORMAL2-IM-0529-0001,NORMAL,0
NORMAL2-IM-0530-0001,NORMAL,0
NORMAL2-IM-0531-0001,NORMAL,0
NORMAL2-IM-0533-0001,NORMAL,0
NORMAL2-IM-0535-0001-0002,NORMAL,0
NORMAL2-IM-0535-0001,NORMAL,0
NORMAL2-IM-0536-0001,NORMAL,0
NORMAL2-IM-0537-0001,NORMAL,0
NORMAL2-IM-0539-0001,NORMAL,0
NORMAL2-IM-0540-0001,NORMAL,0
NORMAL2-IM-0541-0001,NORMAL,0
NORMAL2-IM-0543-0001,NORMAL,0
NORMAL2-IM-0545-0001,NORMAL,0
NORMAL2-IM-0547-0001,NORMAL,0
NORMAL2-IM-0550-0001,NORMAL,0
NORMAL2-IM-0551-0001,NORMAL,0
NORMAL2-IM-0552-0001,NORMAL,0
NORMAL2-IM-0553-0001,NORMAL,0
NORMAL2-IM-0554-0001,NORMAL,0
NORMAL2-IM-0555-0001-0001,NORMAL,0
NORMAL2-IM-0555-0001-0002,NORMAL,0
NORMAL2-IM-0555-0001,NORMAL,0
NORMAL2-IM-0557-0001,NORMAL,0
NORMAL2-IM-0558-0001,NORMAL,0
NORMAL2-IM-0559-0001,NORMAL,0
NORMAL2-IM-0561-0001,NORMAL,0
NORMAL2-IM-0563-0001,NORMAL,0
NORMAL2-IM-0564-0001,NORMAL,0
NORMAL2-IM-0566-0001,NORMAL,0
NORMAL2-IM-0567-0001,NORMAL,0
NORMAL2-IM-0568-0001,NORMAL,0
NORMAL2-IM-0569-0001,NORMAL,0
NORMAL2-IM-0571-0001,NORMAL,0
NORMAL2-IM-0572-0001,NORMAL,0
NORMAL2-IM-0573-0001,NORMAL,0
NORMAL2-IM-0575-0001,NORMAL,0
NORMAL2-IM-0576-0001,NORMAL,0
NORMAL2-IM-0577-0001,NORMAL,0
NORMAL2-IM-0578-0001,NORMAL,0
NORMAL2-IM-0579-0001,NORMAL,0
NORMAL2-IM-0580-0001,NORMAL,0
NORMAL2-IM-0582-0001,NORMAL,0
NORMAL2-IM-0583-0001,NORMAL,0
NORMAL2-IM-0587-0001-0001,NORMAL,0
NORMAL2-IM-0587-0001-0002,NORMAL,0
NORMAL2-IM-0587-0001,NORMAL,0
NORMAL2-IM-0588-0001,NORMAL,0
NORMAL2-IM-0592-0001,NORMAL,0
NORMAL2-IM-0594-0001,NORMAL,0
NORMAL2-IM-0595-0001,NORMAL,0
NORMAL2-IM-0596-0001,NORMAL,0
NORMAL2-IM-0599-0001,NORMAL,0
NORMAL2-IM-0600-0001,NORMAL,0
NORMAL2-IM-0601-0001,NORMAL,0
NORMAL2-IM-0603-0001,NORMAL,0
NORMAL2-IM-0604-0001,NORMAL,0
NORMAL2-IM-0609-0001,NORMAL,0
NORMAL2-IM-0611-0001,NORMAL,0
NORMAL2-IM-0616-0001,NORMAL,0
NORMAL2-IM-0617-0001,NORMAL,0
NORMAL2-IM-0618-0001,NORMAL,0
NORMAL2-IM-0619-0001,NORMAL,0
NORMAL2-IM-0620-0001,NORMAL,0
NORMAL2-IM-0621-0001,NORMAL,0
NORMAL2-IM-0622-0001,NORMAL,0
NORMAL2-IM-0623-0001,NORMAL,0
NORMAL2-IM-0626-0001,NORMAL,0
NORMAL2-IM-0627-0001,NORMAL,0
NORMAL2-IM-0629-0001,NORMAL,0
NORMAL2-IM-0630-0001,NORMAL,0
NORMAL2-IM-0633-0001,NORMAL,0
NORMAL2-IM-0635-0001,NORMAL,0
NORMAL2-IM-0636-0001,NORMAL,0
NORMAL2-IM-0637-0001,NORMAL,0
NORMAL2-IM-0640-0001,NORMAL,0
NORMAL2-IM-0641-0001,NORMAL,0
NORMAL2-IM-0642-0001,NORMAL,0
NORMAL2-IM-0643-0001,NORMAL,0
NORMAL2-IM-0645-0001,NORMAL,0
NORMAL2-IM-0647-0001,NORMAL,0
NORMAL2-IM-0648-0001,NORMAL,0
NORMAL2-IM-0649-0001,NORMAL,0
NORMAL2-IM-0650-0001,NORMAL,0
NORMAL2-IM-0651-0001,NORMAL,0
NORMAL2-IM-0651-0004,NORMAL,0
NORMAL2-IM-0652-0001,NORMAL,0
NORMAL2-IM-0653-0001,NORMAL,0
NORMAL2-IM-0654-0001,NORMAL,0
NORMAL2-IM-0655-0001,NORMAL,0
NORMAL2-IM-0657-0001,NORMAL,0
NORMAL2-IM-0659-0001,NORMAL,0
NORMAL2-IM-0660-0001,NORMAL,0
NORMAL2-IM-0661-0001,NORMAL,0
NORMAL2-IM-0662-0001,NORMAL,0
NORMAL2-IM-0663-0001,NORMAL,0
NORMAL2-IM-0664-0001,NORMAL,0
NORMAL2-IM-0665-0001,NORMAL,0
NORMAL2-IM-0666-0001,NORMAL,0
NORMAL2-IM-0667-0001,NORMAL,0
NORMAL2-IM-0668-0001,NORMAL,0
NORMAL2-IM-0669-0001,NORMAL,0
NORMAL2-IM-0671-0001,NORMAL,0
NORMAL2-IM-0672-0001,NORMAL,0
NORMAL2-IM-0673-0001,NORMAL,0
NORMAL2-IM-0675-0001,NORMAL,0
NORMAL2-IM-0678-0001,NORMAL,0
NORMAL2-IM-0680-0001,NORMAL,0
NORMAL2-IM-0682-0001,NORMAL,0
NORMAL2-IM-0683-0001,NORMAL,0
NORMAL2-IM-0684-0001-0001,NORMAL,0
NORMAL2-IM-0686-0001,NORMAL,0
NORMAL2-IM-0689-0001,NORMAL,0
NORMAL2-IM-0690-0001,NORMAL,0
NORMAL2-IM-0692-0001,NORMAL,0
NORMAL2-IM-0693-0001,NORMAL,0
NORMAL2-IM-0694-0001,NORMAL,0
NORMAL2-IM-0695-0001,NORMAL,0
NORMAL2-IM-0696-0001,NORMAL,0
NORMAL2-IM-0698-0001,NORMAL,0
NORMAL2-IM-0699-0001,NORMAL,0
NORMAL2-IM-0700-0001,NORMAL,0
NORMAL2-IM-0702-0001,NORMAL,0
NORMAL2-IM-0705-0001,NORMAL,0
NORMAL2-IM-0707-0001,NORMAL,0
NORMAL2-IM-0718-0001,NORMAL,0
NORMAL2-IM-0719-0001,NORMAL,0
NORMAL2-IM-0723-0001,NORMAL,0
NORMAL2-IM-0725-0001,NORMAL,0
NORMAL2-IM-0727-0001,NORMAL,0
NORMAL2-IM-0736-0001,NORMAL,0
NORMAL2-IM-0741-0001,NORMAL,0
NORMAL2-IM-0744-0001,NORMAL,0
NORMAL2-IM-0746-0001,NORMAL,0
NORMAL2-IM-0753-0001,NORMAL,0
NORMAL2-IM-0757-0001,NORMAL,0
NORMAL2-IM-0765-0001,NORMAL,0
NORMAL2-IM-0771-0001,NORMAL,0
NORMAL2-IM-0772-0001,NORMAL,0
NORMAL2-IM-0774-0001,NORMAL,0
NORMAL2-IM-0775-0001,NORMAL,0
NORMAL2-IM-0776-0001,NORMAL,0
NORMAL2-IM-0777-0001,NORMAL,0
NORMAL2-IM-0780-0001,NORMAL,0
NORMAL2-IM-0781-0001,NORMAL,0
NORMAL2-IM-0790-0001,NORMAL,0
NORMAL2-IM-0793-0001,NORMAL,0
NORMAL2-IM-0796-0001,NORMAL,0
NORMAL2-IM-0797-0001,NORMAL,0
NORMAL2-IM-0798-0001,NORMAL,0
NORMAL2-IM-0799-0001,NORMAL,0
NORMAL2-IM-0803-0001,NORMAL,0
NORMAL2-IM-0804-0001,NORMAL,0
NORMAL2-IM-0806-0001,NORMAL,0
NORMAL2-IM-0807-0001,NORMAL,0
NORMAL2-IM-0808-0001,NORMAL,0
NORMAL2-IM-0809-0001,NORMAL,0
NORMAL2-IM-0810-0001,NORMAL,0
NORMAL2-IM-0811-0001,NORMAL,0
NORMAL2-IM-0812-0001,NORMAL,0
NORMAL2-IM-0814-0001,NORMAL,0
NORMAL2-IM-0815-0001,NORMAL,0
NORMAL2-IM-0816-0001,NORMAL,0
NORMAL2-IM-0818-0001-0002,NORMAL,0
NORMAL2-IM-0818-0001,NORMAL,0
NORMAL2-IM-0819-0001,NORMAL,0
NORMAL2-IM-0820-0001,NORMAL,0
NORMAL2-IM-0821-0001,NORMAL,0
NORMAL2-IM-0822-0001,NORMAL,0
NORMAL2-IM-0824-0001,NORMAL,0
NORMAL2-IM-0825-0001,NORMAL,0
NORMAL2-IM-0826-0001,NORMAL,0
NORMAL2-IM-0827-0001,NORMAL,0
NORMAL2-IM-0828-0001,NORMAL,0
NORMAL2-IM-0829-0001,NORMAL,0
NORMAL2-IM-0830-0001,NORMAL,0
NORMAL2-IM-0831-0001,NORMAL,0
NORMAL2-IM-0832-0001-0001,NORMAL,0
NORMAL2-IM-0832-0001-0002,NORMAL,0
NORMAL2-IM-0832-0001,NORMAL,0
NORMAL2-IM-0833-0001,NORMAL,0
NORMAL2-IM-0834-0001,NORMAL,0
NORMAL2-IM-0836-0001,NORMAL,0
NORMAL2-IM-0837-0001,NORMAL,0
NORMAL2-IM-0838-0001,NORMAL,0
NORMAL2-IM-0839-0001,NORMAL,0
NORMAL2-IM-0840-0001,NORMAL,0
NORMAL2-IM-0841-0001,NORMAL,0
NORMAL2-IM-0842-0001,NORMAL,0
NORMAL2-IM-0843-0001,NORMAL,0
NORMAL2-IM-0845-0001,NORMAL,0
NORMAL2-IM-0846-0001,NORMAL,0
NORMAL2-IM-0847-0001,NORMAL,0
NORMAL2-IM-0848-0001,NORMAL,0
NORMAL2-IM-0849-0001,NORMAL,0
NORMAL2-IM-0851-0001-0001,NORMAL,0
NORMAL2-IM-0851-0001-0002,NORMAL,0
NORMAL2-IM-0851-0001,NORMAL,0
NORMAL2-IM-0852-0001,NORMAL,0
NORMAL2-IM-0853-0001,NORMAL,0
NORMAL2-IM-0854-0001,NORMAL,0
NORMAL2-IM-0855-0001,NORMAL,0
NORMAL2-IM-0856-0001,NORMAL,0
NORMAL2-IM-0858-0001,NORMAL,0
NORMAL2-IM-0859-0001,NORMAL,0
NORMAL2-IM-0860-0001,NORMAL,0
NORMAL2-IM-0862-0001,NORMAL,0
NORMAL2-IM-0863-0001,NORMAL,0
NORMAL2-IM-0865-0001,NORMAL,0
NORMAL2-IM-0866-0001,NORMAL,0
NORMAL2-IM-0867-0001,NORMAL,0
NORMAL2-IM-0868-0001,NORMAL,0
NORMAL2-IM-0869-0001,NORMAL,0
NORMAL2-IM-0870-0001,NORMAL,0
NORMAL2-IM-0871-0001,NORMAL,0
NORMAL2-IM-0872-0001,NORMAL,0
NORMAL2-IM-0874-0001,NORMAL,0
NORMAL2-IM-0875-0001,NORMAL,0
NORMAL2-IM-0876-0001,NORMAL,0
NORMAL2-IM-0877-0001,NORMAL,0
NORMAL2-IM-0879-0001,NORMAL,0
NORMAL2-IM-0880-0001,NORMAL,0
NORMAL2-IM-0881-0001,NORMAL,0
NORMAL2-IM-0882-0001,NORMAL,0
NORMAL2-IM-0886-0001,NORMAL,0
NORMAL2-IM-0887-0001,NORMAL,0
NORMAL2-IM-0888-0001,NORMAL,0
NORMAL2-IM-0890-0001,NORMAL,0
NORMAL2-IM-0892-0001,NORMAL,0
NORMAL2-IM-0893-0001,NORMAL,0
NORMAL2-IM-0894-0001,NORMAL,0
NORMAL2-IM-0895-0001,NORMAL,0
NORMAL2-IM-0896-0001,NORMAL,0
NORMAL2-IM-0897-0001,NORMAL,0
NORMAL2-IM-0898-0001,NORMAL,0
NORMAL2-IM-0899-0001,NORMAL,0
NORMAL2-IM-0900-0001,NORMAL,0
NORMAL2-IM-0903-0001,NORMAL,0
NORMAL2-IM-0904-0001,NORMAL,0
NORMAL2-IM-0905-0001,NORMAL,0
NORMAL2-IM-0906-0001,NORMAL,0
NORMAL2-IM-0907-0001,NORMAL,0
NORMAL2-IM-0908-0001,NORMAL,0
NORMAL2-IM-0909-0001,NORMAL,0
NORMAL2-IM-0910-0001,NORMAL,0
NORMAL2-IM-0911-0001,NORMAL,0
NORMAL2-IM-0912-0001,NORMAL,0
NORMAL2-IM-0913-0001,NORMAL,0
NORMAL2-IM-0914-0001,NORMAL,0
NORMAL2-IM-0915-0001,NORMAL,0
NORMAL2-IM-0917-0001,NORMAL,0
NORMAL2-IM-0918-0001,NORMAL,0
NORMAL2-IM-0919-0001,NORMAL,0
NORMAL2-IM-0922-0001,NORMAL,0
NORMAL2-IM-0923-0001,NORMAL,0
NORMAL2-IM-0924-0001,NORMAL,0
NORMAL2-IM-0925-0001,NORMAL,0
NORMAL2-IM-0926-0001,NORMAL,0
NORMAL2-IM-0927-0001,NORMAL,0
NORMAL2-IM-0929-0001,NORMAL,0
NORMAL2-IM-0930-0001,NORMAL,0
NORMAL2-IM-0931-0001,NORMAL,0
NORMAL2-IM-0932-0001,NORMAL,0
NORMAL2-IM-0934-0001,NORMAL,0
NORMAL2-IM-0935-0001,NORMAL,0
NORMAL2-IM-0936-0001,NORMAL,0
NORMAL2-IM-0937-0001,NORMAL,0
NORMAL2-IM-0939-0001,NORMAL,0
NORMAL2-IM-0941-0001,NORMAL,0
NORMAL2-IM-0942-0001,NORMAL,0
NORMAL2-IM-0944-0001,NORMAL,0
NORMAL2-IM-0945-0001,NORMAL,0
NORMAL2-IM-0946-0001,NORMAL,0
NORMAL2-IM-0947-0001,NORMAL,0
NORMAL2-IM-0948-0001,NORMAL,0
NORMAL2-IM-0949-0001,NORMAL,0
NORMAL2-IM-0950-0001,NORMAL,0
NORMAL2-IM-0951-0001,NORMAL,0
NORMAL2-IM-0952-0001,NORMAL,0
NORMAL2-IM-0954-0001,NORMAL,0
NORMAL2-IM-0956-0001,NORMAL,0
NORMAL2-IM-0957-0001,NORMAL,0
NORMAL2-IM-0959-0001,NORMAL,0
NORMAL2-IM-0960-0001,NORMAL,0
NORMAL2-IM-0961-0001,NORMAL,0
NORMAL2-IM-0962-0001,NORMAL,0
NORMAL2-IM-0965-0001,NORMAL,0
NORMAL2-IM-0966-0001,NORMAL,0
NORMAL2-IM-0967-0001,NORMAL,0
NORMAL2-IM-0969-0001,NORMAL,0
NORMAL2-IM-0971-0001-0001,NORMAL,0
NORMAL2-IM-0971-0001-0002,NORMAL,0
NORMAL2-IM-0974-0001,NORMAL,0
NORMAL2-IM-0975-0001,NORMAL,0
NORMAL2-IM-0976-0001,NORMAL,0
NORMAL2-IM-0977-0001,NORMAL,0
NORMAL2-IM-0978-0001,NORMAL,0
NORMAL2-IM-0979-0001,NORMAL,0
NORMAL2-IM-0980-0001,NORMAL,0
NORMAL2-IM-0981-0001,NORMAL,0
NORMAL2-IM-0983-0001-0001,NORMAL,0
NORMAL2-IM-0983-0001-0002,NORMAL,0
NORMAL2-IM-0983-0001,NORMAL,0
NORMAL2-IM-0986-0001,NORMAL,0
NORMAL2-IM-0987-0001,NORMAL,0
NORMAL2-IM-0988-0001,NORMAL,0
NORMAL2-IM-0989-0001,NORMAL,0
NORMAL2-IM-0993-0001,NORMAL,0
NORMAL2-IM-0994-0001,NORMAL,0
NORMAL2-IM-0995-0001-0001,NORMAL,0
NORMAL2-IM-0995-0001-0002,NORMAL,0
NORMAL2-IM-0995-0001,NORMAL,0
NORMAL2-IM-0997-0001,NORMAL,0
NORMAL2-IM-0998-0001,NORMAL,0
NORMAL2-IM-0999-0001,NORMAL,0
NORMAL2-IM-1001-0001,NORMAL,0
NORMAL2-IM-1002-0001,NORMAL,0
NORMAL2-IM-1004-0001,NORMAL,0
NORMAL2-IM-1005-0001,NORMAL,0
NORMAL2-IM-1006-0001,NORMAL,0
NORMAL2-IM-1008-0001,NORMAL,0
NORMAL2-IM-1010-0001,NORMAL,0
NORMAL2-IM-1011-0001,NORMAL,0
NORMAL2-IM-1015-0001,NORMAL,0
NORMAL2-IM-1016-0001,NORMAL,0
NORMAL2-IM-1018-0001,NORMAL,0
NORMAL2-IM-1019-0001,NORMAL,0
NORMAL2-IM-1020-0001-0001,NORMAL,0
NORMAL2-IM-1020-0001-0002,NORMAL,0
NORMAL2-IM-1020-0001,NORMAL,0
NORMAL2-IM-1022-0001,NORMAL,0
NORMAL2-IM-1023-0001,NORMAL,0
NORMAL2-IM-1024-0001,NORMAL,0
NORMAL2-IM-1025-0001,NORMAL,0
NORMAL2-IM-1026-0001,NORMAL,0
NORMAL2-IM-1027-0001,NORMAL,0
NORMAL2-IM-1028-0001,NORMAL,0
NORMAL2-IM-1030-0001,NORMAL,0
NORMAL2-IM-1033-0001,NORMAL,0
NORMAL2-IM-1037-0001,NORMAL,0
NORMAL2-IM-1038-0001,NORMAL,0
NORMAL2-IM-1039-0001,NORMAL,0
NORMAL2-IM-1040-0001,NORMAL,0
NORMAL2-IM-1041-0001,NORMAL,0
NORMAL2-IM-1043-0001,NORMAL,0
NORMAL2-IM-1044-0001,NORMAL,0
NORMAL2-IM-1046-0001,NORMAL,0
NORMAL2-IM-1047-0001,NORMAL,0
NORMAL2-IM-1048-0001,NORMAL,0
NORMAL2-IM-1049-0001,NORMAL,0
NORMAL2-IM-1050-0001,NORMAL,0
NORMAL2-IM-1051-0001,NORMAL,0
NORMAL2-IM-1052-0001,NORMAL,0
NORMAL2-IM-1053-0001,NORMAL,0
NORMAL2-IM-1054-0001,NORMAL,0
NORMAL2-IM-1055-0001,NORMAL,0
NORMAL2-IM-1056-0001,NORMAL,0
NORMAL2-IM-1058-0001,NORMAL,0
NORMAL2-IM-1059-0001,NORMAL,0
NORMAL2-IM-1060-0001,NORMAL,0
NORMAL2-IM-1062-0001,NORMAL,0
NORMAL2-IM-1064-0001,NORMAL,0
NORMAL2-IM-1067-0001-0001,NORMAL,0
NORMAL2-IM-1067-0001,NORMAL,0
NORMAL2-IM-1073-0001,NORMAL,0
NORMAL2-IM-1084-0001,NORMAL,0
NORMAL2-IM-1086-0001,NORMAL,0
NORMAL2-IM-1088-0001,NORMAL,0
NORMAL2-IM-1089-0001,NORMAL,0
NORMAL2-IM-1090-0001,NORMAL,0
NORMAL2-IM-1091-0001,NORMAL,0
NORMAL2-IM-1093-0001,NORMAL,0
NORMAL2-IM-1094-0001-0001,NORMAL,0
NORMAL2-IM-1094-0001-0002,NORMAL,0
NORMAL2-IM-1094-0001,NORMAL,0
NORMAL2-IM-1096-0001-0001,NORMAL,0
NORMAL2-IM-1096-0001-0003,NORMAL,0
NORMAL2-IM-1096-0001,NORMAL,0
NORMAL2-IM-1098-0001,NORMAL,0
NORMAL2-IM-1100-0001,NORMAL,0
NORMAL2-IM-1102-0001-0001,NORMAL,0
NORMAL2-IM-1102-0001-0002,NORMAL,0
NORMAL2-IM-1102-0001,NORMAL,0
NORMAL2-IM-1103-0001-0001,NORMAL,0
NORMAL2-IM-1104-0001,NORMAL,0
NORMAL2-IM-1105-0001,NORMAL,0
NORMAL2-IM-1106-0001,NORMAL,0
NORMAL2-IM-1108-0001,NORMAL,0
NORMAL2-IM-1109-0001,NORMAL,0
NORMAL2-IM-1110-0001,NORMAL,0
NORMAL2-IM-1111-0001,NORMAL,0
NORMAL2-IM-1112-0001,NORMAL,0
NORMAL2-IM-1113-0001,NORMAL,0
NORMAL2-IM-1114-0001,NORMAL,0
NORMAL2-IM-1116-0001-0001,NORMAL,0
NORMAL2-IM-1116-0001-0002,NORMAL,0
NORMAL2-IM-1116-0001,NORMAL,0
NORMAL2-IM-1117-0001,NORMAL,0
NORMAL2-IM-1118-0001,NORMAL,0
NORMAL2-IM-1120-0001,NORMAL,0
NORMAL2-IM-1122-0001,NORMAL,0
NORMAL2-IM-1123-0001,NORMAL,0
NORMAL2-IM-1124-0001,NORMAL,0
NORMAL2-IM-1125-0001,NORMAL,0
NORMAL2-IM-1126-0001,NORMAL,0
NORMAL2-IM-1127-0001,NORMAL,0
NORMAL2-IM-1128-0001-0001,NORMAL,0
NORMAL2-IM-1128-0001-0002,NORMAL,0
NORMAL2-IM-1130-0001,NORMAL,0
NORMAL2-IM-1131-0001,NORMAL,0
NORMAL2-IM-1134-0001,NORMAL,0
NORMAL2-IM-1135-0001,NORMAL,0
NORMAL2-IM-1136-0001,NORMAL,0
NORMAL2-IM-1138-0001,NORMAL,0
NORMAL2-IM-1141-0001,NORMAL,0
NORMAL2-IM-1142-0001-0001,NORMAL,0
NORMAL2-IM-1142-0001,NORMAL,0
NORMAL2-IM-1145-0001,NORMAL,0
NORMAL2-IM-1147-0001,NORMAL,0
NORMAL2-IM-1148-0001,NORMAL,0
NORMAL2-IM-1149-0001,NORMAL,0
NORMAL2-IM-1150-0001,NORMAL,0
NORMAL2-IM-1151-0001,NORMAL,0
NORMAL2-IM-1152-0001-0001,NORMAL,0
NORMAL2-IM-1152-0001-0002,NORMAL,0
NORMAL2-IM-1152-0001,NORMAL,0
NORMAL2-IM-1153-0001,NORMAL,0
NORMAL2-IM-1154-0001-0001,NORMAL,0
NORMAL2-IM-1154-0001-0002,NORMAL,0
NORMAL2-IM-1154-0001,NORMAL,0
NORMAL2-IM-1155-0001,NORMAL,0
NORMAL2-IM-1156-0001,NORMAL,0
NORMAL2-IM-1157-0001,NORMAL,0
NORMAL2-IM-1158-0001,NORMAL,0
NORMAL2-IM-1161-0001,NORMAL,0
NORMAL2-IM-1162-0001,NORMAL,0
NORMAL2-IM-1163-0001,NORMAL,0
NORMAL2-IM-1164-0001,NORMAL,0
NORMAL2-IM-1167-0001,NORMAL,0
NORMAL2-IM-1168-0001,NORMAL,0
NORMAL2-IM-1169-0001,NORMAL,0
NORMAL2-IM-1170-0001,NORMAL,0
NORMAL2-IM-1171-0001,NORMAL,0
NORMAL2-IM-1173-0001,NORMAL,0
NORMAL2-IM-1174-0001,NORMAL,0
NORMAL2-IM-1175-0001,NORMAL,0
NORMAL2-IM-1176-0001,NORMAL,0
NORMAL2-IM-1177-0001,NORMAL,0
NORMAL2-IM-1178-0001,NORMAL,0
NORMAL2-IM-1179-0001,NORMAL,0
NORMAL2-IM-1180-0001,NORMAL,0
NORMAL2-IM-1181-0001,NORMAL,0
NORMAL2-IM-1182-0001,NORMAL,0
NORMAL2-IM-1183-0001,NORMAL,0
NORMAL2-IM-1184-0001,NORMAL,0
NORMAL2-IM-1185-0001,NORMAL,0
NORMAL2-IM-1187-0001,NORMAL,0
NORMAL2-IM-1188-0001,NORMAL,0
NORMAL2-IM-1189-0001,NORMAL,0
NORMAL2-IM-1190-0001,NORMAL,0
NORMAL2-IM-1191-0001,NORMAL,0
NORMAL2-IM-1192-0001,NORMAL,0
NORMAL2-IM-1194-0001,NORMAL,0
NORMAL2-IM-1196-0001,NORMAL,0
NORMAL2-IM-1197-0001,NORMAL,0
NORMAL2-IM-1200-0001,NORMAL,0
NORMAL2-IM-1202-0001,NORMAL,0
NORMAL2-IM-1203-0001,NORMAL,0
NORMAL2-IM-1204-0001,NORMAL,0
NORMAL2-IM-1205-0001,NORMAL,0
NORMAL2-IM-1206-0001,NORMAL,0
NORMAL2-IM-1209-0001,NORMAL,0
NORMAL2-IM-1214-0001,NORMAL,0
NORMAL2-IM-1218-0001,NORMAL,0
NORMAL2-IM-1219-0001,NORMAL,0
NORMAL2-IM-1220-0001,NORMAL,0
NORMAL2-IM-1221-0001,NORMAL,0
NORMAL2-IM-1222-0001,NORMAL,0
NORMAL2-IM-1223-0001,NORMAL,0
NORMAL2-IM-1224-0001,NORMAL,0
NORMAL2-IM-1225-0001,NORMAL,0
NORMAL2-IM-1226-0001,NORMAL,0
NORMAL2-IM-1227-0001,NORMAL,0
NORMAL2-IM-1228-0001,NORMAL,0
NORMAL2-IM-1231-0001,NORMAL,0
NORMAL2-IM-1232-0001,NORMAL,0
NORMAL2-IM-1234-0001,NORMAL,0
NORMAL2-IM-1236-0001,NORMAL,0
NORMAL2-IM-1237-0001,NORMAL,0
NORMAL2-IM-1240-0001,NORMAL,0
NORMAL2-IM-1241-0001,NORMAL,0
NORMAL2-IM-1242-0001,NORMAL,0
NORMAL2-IM-1243-0001,NORMAL,0
NORMAL2-IM-1244-0001,NORMAL,0
NORMAL2-IM-1245-0001,NORMAL,0
NORMAL2-IM-1247-0001,NORMAL,0
NORMAL2-IM-1250-0001,NORMAL,0
NORMAL2-IM-1252-0001,NORMAL,0
NORMAL2-IM-1253-0001,NORMAL,0
NORMAL2-IM-1254-0001,NORMAL,0
NORMAL2-IM-1256-0001,NORMAL,0
NORMAL2-IM-1257-0001,NORMAL,0
NORMAL2-IM-1258-0001-0001,NORMAL,0
NORMAL2-IM-1258-0001-0002,NORMAL,0
NORMAL2-IM-1258-0001,NORMAL,0
NORMAL2-IM-1260-0001,NORMAL,0
NORMAL2-IM-1261-0001,NORMAL,0
NORMAL2-IM-1262-0001,NORMAL,0
NORMAL2-IM-1264-0001,NORMAL,0
NORMAL2-IM-1266-0001-0001,NORMAL,0
NORMAL2-IM-1266-0001-0002,NORMAL,0
NORMAL2-IM-1267-0001,NORMAL,0
NORMAL2-IM-1269-0001-0001,NORMAL,0
NORMAL2-IM-1269-0001-0002,NORMAL,0
NORMAL2-IM-1269-0001,NORMAL,0
NORMAL2-IM-1270-0001,NORMAL,0
NORMAL2-IM-1271-0001,NORMAL,0
NORMAL2-IM-1272-0001,NORMAL,0
NORMAL2-IM-1275-0001,NORMAL,0
NORMAL2-IM-1276-0001,NORMAL,0
NORMAL2-IM-1277-0001-0001,NORMAL,0
NORMAL2-IM-1277-0001-0002,NORMAL,0
NORMAL2-IM-1277-0001,NORMAL,0
NORMAL2-IM-1278-0001,NORMAL,0
NORMAL2-IM-1279-0001,NORMAL,0
NORMAL2-IM-1280-0001,NORMAL,0
NORMAL2-IM-1281-0001,NORMAL,0
NORMAL2-IM-1282-0001,NORMAL,0
NORMAL2-IM-1285-0001,NORMAL,0
NORMAL2-IM-1286-0001,NORMAL,0
NORMAL2-IM-1287-0001,NORMAL,0
NORMAL2-IM-1288-0001,NORMAL,0
NORMAL2-IM-1289-0001,NORMAL,0
NORMAL2-IM-1290-0001,NORMAL,0
NORMAL2-IM-1291-0001,NORMAL,0
NORMAL2-IM-1292-0001,NORMAL,0
NORMAL2-IM-1293-0001,NORMAL,0
NORMAL2-IM-1294-0001-0001,NORMAL,0
NORMAL2-IM-1294-0001-0002,NORMAL,0
NORMAL2-IM-1294-0001,NORMAL,0
NORMAL2-IM-1295-0001,NORMAL,0
NORMAL2-IM-1296-0001,NORMAL,0
NORMAL2-IM-1300-0001,NORMAL,0
NORMAL2-IM-1301-0001,NORMAL,0
NORMAL2-IM-1302-0001,NORMAL,0
NORMAL2-IM-1303-0001,NORMAL,0
NORMAL2-IM-1304-0001,NORMAL,0
NORMAL2-IM-1305-0001,NORMAL,0
NORMAL2-IM-1306-0001,NORMAL,0
NORMAL2-IM-1308-0001,NORMAL,0
NORMAL2-IM-1310-0001,NORMAL,0
NORMAL2-IM-1311-0001,NORMAL,0
NORMAL2-IM-1314-0001,NORMAL,0
NORMAL2-IM-1315-0001,NORMAL,0
NORMAL2-IM-1316-0001,NORMAL,0
NORMAL2-IM-1317-0001,NORMAL,0
NORMAL2-IM-1318-0001,NORMAL,0
NORMAL2-IM-1319-0001,NORMAL,0
NORMAL2-IM-1320-0001,NORMAL,0
NORMAL2-IM-1321-0001,NORMAL,0
NORMAL2-IM-1322-0001,NORMAL,0
NORMAL2-IM-1323-0001,NORMAL,0
NORMAL2-IM-1326-0001,NORMAL,0
NORMAL2-IM-1327-0001,NORMAL,0
NORMAL2-IM-1328-0001,NORMAL,0
NORMAL2-IM-1329-0001,NORMAL,0
NORMAL2-IM-1330-0001,NORMAL,0
NORMAL2-IM-1332-0001,NORMAL,0
NORMAL2-IM-1333-0001,NORMAL,0
NORMAL2-IM-1334-0001,NORMAL,0
NORMAL2-IM-1335-0001,NORMAL,0
NORMAL2-IM-1336-0001,NORMAL,0
NORMAL2-IM-1337-0001,NORMAL,0
NORMAL2-IM-1338-0001,NORMAL,0
NORMAL2-IM-1343-0001,NORMAL,0
NORMAL2-IM-1344-0001,NORMAL,0
NORMAL2-IM-1345-0001-0001,NORMAL,0
NORMAL2-IM-1345-0001-0002,NORMAL,0
NORMAL2-IM-1345-0001,NORMAL,0
NORMAL2-IM-1346-0001,NORMAL,0
NORMAL2-IM-1347-0001,NORMAL,0
NORMAL2-IM-1348-0001,NORMAL,0
NORMAL2-IM-1349-0001,NORMAL,0
NORMAL2-IM-1350-0001,NORMAL,0
NORMAL2-IM-1351-0001,NORMAL,0
NORMAL2-IM-1356-0001,NORMAL,0
NORMAL2-IM-1360-0001,NORMAL,0
NORMAL2-IM-1362-0001,NORMAL,0
NORMAL2-IM-1365-0001,NORMAL,0
NORMAL2-IM-1371-0001,NORMAL,0
NORMAL2-IM-1376-0001,NORMAL,0
NORMAL2-IM-1379-0001,NORMAL,0
NORMAL2-IM-1385-0001,NORMAL,0
NORMAL2-IM-1396-0001,NORMAL,0
NORMAL2-IM-1400-0001,NORMAL,0
NORMAL2-IM-1401-0001,NORMAL,0
NORMAL2-IM-1406-0001,NORMAL,0
NORMAL2-IM-1412-0001,NORMAL,0
NORMAL2-IM-1419-0001,NORMAL,0
NORMAL2-IM-1422-0001,NORMAL,0
NORMAL2-IM-1423-0001,NORMAL,0
NORMAL2-IM-1427-0001,NORMAL,0
NORMAL2-IM-1430-0001,NORMAL,0
NORMAL2-IM-1431-0001,NORMAL,0
NORMAL2-IM-1436-0001,NORMAL,0
NORMAL2-IM-1437-0001,NORMAL,0
NORMAL2-IM-1438-0001,NORMAL,0
NORMAL2-IM-1440-0001,NORMAL,0
NORMAL2-IM-1442-0001,NORMAL,0
person1001_bacteria_2932,PNEUMONIA,1
person1002_bacteria_2933,PNEUMONIA,1
person1004_bacteria_2935,PNEUMONIA,1
person100_bacteria_478,PNEUMONIA,1
person100_bacteria_482,PNEUMONIA,1
person100_virus_184,PNEUMONIA,1
person1010_bacteria_2941,PNEUMONIA,1
person1010_virus_1695,PNEUMONIA,1
person1015_virus_1701,PNEUMONIA,1
person101_bacteria_484,PNEUMONIA,1
person1020_virus_1710,PNEUMONIA,1
person1026_bacteria_2957,PNEUMONIA,1
person1026_virus_1718,PNEUMONIA,1
person1029_virus_1721,PNEUMONIA,1
person102_bacteria_487,PNEUMONIA,1
person1033_bacteria_2966,PNEUMONIA,1
person1034_virus_1728,PNEUMONIA,1
person1040_bacteria_2974,PNEUMONIA,1
person1040_virus_1735,PNEUMONIA,1
person1043_bacteria_2977,PNEUMONIA,1
person1043_virus_1738,PNEUMONIA,1
person1044_bacteria_2978,PNEUMONIA,1
person104_bacteria_491,PNEUMONIA,1
person104_virus_191,PNEUMONIA,1
person1051_virus_1750,PNEUMONIA,1
person1052_virus_1751,PNEUMONIA,1
person1054_bacteria_2988,PNEUMONIA,1
person1056_bacteria_2990,PNEUMONIA,1
person1056_virus_1755,PNEUMONIA,1
person1057_bacteria_2991,PNEUMONIA,1
person105_virus_193,PNEUMONIA,1
person1060_virus_1760,PNEUMONIA,1
person1062_bacteria_2996,PNEUMONIA,1
person1063_bacteria_2997,PNEUMONIA,1
person1063_virus_1765,PNEUMONIA,1
person1065_bacteria_2999,PNEUMONIA,1
person1065_virus_1768,PNEUMONIA,1
person1067_virus_1770,PNEUMONIA,1
person1068_virus_1771,PNEUMONIA,1
person1070_virus_1773,PNEUMONIA,1
person1072_bacteria_3006,PNEUMONIA,1
person1073_bacteria_3008,PNEUMONIA,1
person1073_bacteria_3011,PNEUMONIA,1
person1073_virus_1776,PNEUMONIA,1
person1074_bacteria_3014,PNEUMONIA,1
person1077_bacteria_3017,PNEUMONIA,1
person1082_bacteria_3022,PNEUMONIA,1
person1082_virus_1794,PNEUMONIA,1
person1083_virus_1795,PNEUMONIA,1
person1086_bacteria_3026,PNEUMONIA,1
person108_bacteria_506,PNEUMONIA,1
person108_bacteria_507,PNEUMONIA,1
person108_virus_200,PNEUMONIA,1
person1090_virus_1809,PNEUMONIA,1
person1091_bacteria_3031,PNEUMONIA,1
person1091_virus_1810,PNEUMONIA,1
person1094_virus_1814,PNEUMONIA,1
person1096_bacteria_3037,PNEUMONIA,1
person1098_virus_1818,PNEUMONIA,1
person1099_bacteria_3040,PNEUMONIA,1
person109_bacteria_519,PNEUMONIA,1
person109_bacteria_526,PNEUMONIA,1
person109_bacteria_528,PNEUMONIA,1
person109_virus_203,PNEUMONIA,1
person10_bacteria_43,PNEUMONIA,1
person10_virus_35,PNEUMONIA,1
person1101_bacteria_3042,PNEUMONIA,1
person1102_virus_1822,PNEUMONIA,1
person1107_bacteria_3048,PNEUMONIA,1
person1107_virus_1831,PNEUMONIA,1
person1108_bacteria_3049,PNEUMONIA,1
person110_bacteria_531,PNEUMONIA,1
person110_virus_205,PNEUMONIA,1
person110_virus_206,PNEUMONIA,1
person110_virus_208,PNEUMONIA,1
person1112_bacteria_3053,PNEUMONIA,1
person1113_virus_1838,PNEUMONIA,1
person1114_bacteria_3055,PNEUMONIA,1
person1115_bacteria_3056,PNEUMONIA,1
person1115_virus_1840,PNEUMONIA,1
person1118_bacteria_3059,PNEUMONIA,1
person1119_virus_1844,PNEUMONIA,1
person111_bacteria_533,PNEUMONIA,1
person111_bacteria_537,PNEUMONIA,1
person111_virus_209,PNEUMONIA,1
person111_virus_210,PNEUMONIA,1
person111_virus_212,PNEUMONIA,1
person1122_virus_1847,PNEUMONIA,1
person1125_virus_1852,PNEUMONIA,1
person1127_bacteria_3068,PNEUMONIA,1
person1129_virus_1857,PNEUMONIA,1
person112_bacteria_538,PNEUMONIA,1
person112_bacteria_539,PNEUMONIA,1
person1130_bacteria_3072,PNEUMONIA,1
person1132_virus_1863,PNEUMONIA,1
person1136_bacteria_3078,PNEUMONIA,1
person1137_virus_1876,PNEUMONIA,1
person1138_virus_1879,PNEUMONIA,1
person113_bacteria_540,PNEUMONIA,1
person113_bacteria_541,PNEUMONIA,1
person1141_virus_1890,PNEUMONIA,1
person1142_bacteria_3086,PNEUMONIA,1
person1145_virus_1902,PNEUMONIA,1
person1145_virus_1905,PNEUMONIA,1
person1146_bacteria_3091,PNEUMONIA,1
person1149_bacteria_3094,PNEUMONIA,1
person1149_virus_1924,PNEUMONIA,1
person114_bacteria_544,PNEUMONIA,1
person114_bacteria_546,PNEUMONIA,1
person1150_bacteria_3095,PNEUMONIA,1
person1154_bacteria_3099,PNEUMONIA,1
person1154_virus_1933,PNEUMONIA,1
person1155_virus_1934,PNEUMONIA,1
person1156_bacteria_3101,PNEUMONIA,1
person1156_virus_1935,PNEUMONIA,1
person1157_bacteria_3102,PNEUMONIA,1
person1158_virus_1941,PNEUMONIA,1
person1158_virus_1942,PNEUMONIA,1
person1158_virus_1943,PNEUMONIA,1
person1159_bacteria_3104,PNEUMONIA,1
person1159_virus_1944,PNEUMONIA,1
person115_virus_219,PNEUMONIA,1
person1160_bacteria_3105,PNEUMONIA,1
person1160_virus_1947,PNEUMONIA,1
person1164_bacteria_3110,PNEUMONIA,1
person1164_virus_1952,PNEUMONIA,1
person1164_virus_1955,PNEUMONIA,1
person1164_virus_1958,PNEUMONIA,1
person1167_bacteria_3113,PNEUMONIA,1
person1168_bacteria_3114,PNEUMONIA,1
person1172_bacteria_3119,PNEUMONIA,1
person1175_virus_1981,PNEUMONIA,1
person1176_virus_1997,PNEUMONIA,1
person1176_virus_1998,PNEUMONIA,1
person1177_bacteria_3125,PNEUMONIA,1
person1177_virus_1999,PNEUMONIA,1
person1178_bacteria_3126,PNEUMONIA,1
person1179_virus_2006,PNEUMONIA,1
person117_bacteria_553,PNEUMONIA,1
person117_virus_223,PNEUMONIA,1
person1180_bacteria_3128,PNEUMONIA,1
person1180_virus_2009,PNEUMONIA,1
person1180_virus_2010,PNEUMONIA,1
person1180_virus_2013,PNEUMONIA,1
person1180_virus_2014,PNEUMONIA,1
person1180_virus_2015,PNEUMONIA,1
person1183_virus_2018,PNEUMONIA,1
person1184_bacteria_3132,PNEUMONIA,1
person1185_bacteria_3133,PNEUMONIA,1
person1186_bacteria_3134,PNEUMONIA,1
person1187_virus_2023,PNEUMONIA,1
person1188_bacteria_3137,PNEUMONIA,1
person118_bacteria_559,PNEUMONIA,1
person118_bacteria_560,PNEUMONIA,1
person1194_bacteria_3143,PNEUMONIA,1
person1196_bacteria_3146,PNEUMONIA,1
person1198_bacteria_3148,PNEUMONIA,1
person1199_bacteria_3149,PNEUMONIA,1
person119_bacteria_566,PNEUMONIA,1
person11_bacteria_45,PNEUMONIA,1
person120_bacteria_570,PNEUMONIA,1
person120_bacteria_573,PNEUMONIA,1
person120_virus_226,PNEUMONIA,1
person1212_virus_2057,PNEUMONIA,1
person1213_virus_2058,PNEUMONIA,1
person1214_bacteria_3166,PNEUMONIA,1
person1216_virus_2062,PNEUMONIA,1
person1219_bacteria_3172,PNEUMONIA,1
person1219_virus_2067,PNEUMONIA,1
person121_bacteria_575,PNEUMONIA,1
person121_bacteria_576,PNEUMONIA,1
person1222_bacteria_3177,PNEUMONIA,1
person1222_virus_2071,PNEUMONIA,1
person1223_bacteria_3178,PNEUMONIA,1
person1224_virus_2074,PNEUMONIA,1
person1226_virus_2077,PNEUMONIA,1
person1228_bacteria_3183,PNEUMONIA,1
person1228_virus_2079,PNEUMONIA,1
person122_bacteria_583,PNEUMONIA,1
person122_bacteria_584,PNEUMONIA,1
person122_bacteria_586,PNEUMONIA,1
person122_virus_229,PNEUMONIA,1
person1230_virus_2081,PNEUMONIA,1
person1231_virus_2088,PNEUMONIA,1
person1234_virus_2093,PNEUMONIA,1
person1235_bacteria_3191,PNEUMONIA,1
person1240_bacteria_3196,PNEUMONIA,1
person1241_bacteria_3197,PNEUMONIA,1
person1241_virus_2106,PNEUMONIA,1
person1243_bacteria_3199,PNEUMONIA,1
person1243_virus_2110,PNEUMONIA,1
person1246_bacteria_3202,PNEUMONIA,1
person124_bacteria_590,PNEUMONIA,1
person124_bacteria_592,PNEUMONIA,1
person124_virus_231,PNEUMONIA,1
person124_virus_233,PNEUMONIA,1
person124_virus_239,PNEUMONIA,1
person124_virus_242,PNEUMONIA,1
person124_virus_244,PNEUMONIA,1
person124_virus_247,PNEUMONIA,1
person1252_bacteria_3209,PNEUMONIA,1
person1255_virus_2132,PNEUMONIA,1
person1256_bacteria_3214,PNEUMONIA,1
person1257_bacteria_3215,PNEUMONIA,1
person125_virus_254,PNEUMONIA,1
person1261_virus_2145,PNEUMONIA,1
person1266_virus_2158,PNEUMONIA,1
person1268_virus_2161,PNEUMONIA,1
person126_bacteria_598,PNEUMONIA,1
person1271_bacteria_3231,PNEUMONIA,1
person1271_virus_2164,PNEUMONIA,1
person1272_virus_2190,PNEUMONIA,1
person1273_bacteria_3234,PNEUMONIA,1
person1277_bacteria_3240,PNEUMONIA,1
person1279_bacteria_3242,PNEUMONIA,1
person127_bacteria_604,PNEUMONIA,1
person1282_bacteria_3245,PNEUMONIA,1
person1286_bacteria_3249,PNEUMONIA,1
person1287_bacteria_3250,PNEUMONIA,1
person1288_bacteria_3251,PNEUMONIA,1
person128_bacteria_608,PNEUMONIA,1
person128_virus_261,PNEUMONIA,1
person1293_virus_2219,PNEUMONIA,1
person1294_bacteria_3257,PNEUMONIA,1
person1294_virus_2221,PNEUMONIA,1
person1295_bacteria_3258,PNEUMONIA,1
person1295_virus_2223,PNEUMONIA,1
person1297_bacteria_3260,PNEUMONIA,1
person1301_virus_2241,PNEUMONIA,1
person1302_bacteria_3266,PNEUMONIA,1
person1303_virus_2243,PNEUMONIA,1
person1304_bacteria_3269,PNEUMONIA,1
person1306_bacteria_3277,PNEUMONIA,1
person1307_bacteria_3278,PNEUMONIA,1
person1307_virus_2251,PNEUMONIA,1
person1308_bacteria_3286,PNEUMONIA,1
person1308_bacteria_3288,PNEUMONIA,1
person1309_bacteria_3294,PNEUMONIA,1
person1309_virus_2254,PNEUMONIA,1
person130_bacteria_626,PNEUMONIA,1
person130_bacteria_627,PNEUMONIA,1
person130_bacteria_628,PNEUMONIA,1
person1310_bacteria_3300,PNEUMONIA,1
person1311_virus_2259,PNEUMONIA,1
person1312_bacteria_3313,PNEUMONIA,1
person1312_bacteria_3316,PNEUMONIA,1
person1314_virus_2266,PNEUMONIA,1
person1315_virus_2270,PNEUMONIA,1
person1316_bacteria_3326,PNEUMONIA,1
person1318_bacteria_3335,PNEUMONIA,1
person131_virus_265,PNEUMONIA,1
person1320_bacteria_3340,PNEUMONIA,1
person1320_bacteria_3342,PNEUMONIA,1
person1320_bacteria_3348,PNEUMONIA,1
person1320_bacteria_3350,PNEUMONIA,1
person1320_bacteria_3352,PNEUMONIA,1
person1320_bacteria_3353,PNEUMONIA,1
person1321_virus_2279,PNEUMONIA,1
person1323_bacteria_3363,PNEUMONIA,1
person1325_virus_2287,PNEUMONIA,1
person1327_bacteria_3373,PNEUMONIA,1
person1327_bacteria_3374,PNEUMONIA,1
person1328_bacteria_3376,PNEUMONIA,1
person1328_virus_2294,PNEUMONIA,1
person1331_bacteria_3380,PNEUMONIA,1
person1333_virus_2301,PNEUMONIA,1
person1336_virus_2306,PNEUMONIA,1
person1338_bacteria_3394,PNEUMONIA,1
person1338_bacteria_3395,PNEUMONIA,1
person133_bacteria_638,PNEUMONIA,1
person1340_virus_2311,PNEUMONIA,1
person1342_bacteria_3407,PNEUMONIA,1
person1343_bacteria_3409,PNEUMONIA,1
person1343_bacteria_3411,PNEUMONIA,1
person1343_bacteria_3413,PNEUMONIA,1
person1343_bacteria_3417,PNEUMONIA,1
person1343_bacteria_3418,PNEUMONIA,1
person1343_bacteria_3419,PNEUMONIA,1
person1345_bacteria_3427,PNEUMONIA,1
person1345_bacteria_3428,PNEUMONIA,1
person1346_bacteria_3430,PNEUMONIA,1
person1348_virus_2326,PNEUMONIA,1
person1349_bacteria_3436,PNEUMONIA,1
person1350_virus_2329,PNEUMONIA,1
person1351_virus_2330,PNEUMONIA,1
person1352_bacteria_3444,PNEUMONIA,1
person1353_bacteria_3446,PNEUMONIA,1
person1353_virus_2333,PNEUMONIA,1
person1355_bacteria_3449,PNEUMONIA,1
person1356_virus_2337,PNEUMONIA,1
person1357_virus_2338,PNEUMONIA,1
person135_virus_271,PNEUMONIA,1
person1361_bacteria_3477,PNEUMONIA,1
person1363_bacteria_3484,PNEUMONIA,1
person1365_virus_2348,PNEUMONIA,1
person1366_bacteria_3490,PNEUMONIA,1
person1368_virus_2354,PNEUMONIA,1
person136_bacteria_648,PNEUMONIA,1
person136_bacteria_652,PNEUMONIA,1
person136_bacteria_654,PNEUMONIA,1
person1372_bacteria_3501,PNEUMONIA,1
person1375_bacteria_3510,PNEUMONIA,1
person1376_virus_2367,PNEUMONIA,1
person1379_bacteria_3514,PNEUMONIA,1
person1380_bacteria_3515,PNEUMONIA,1
person1381_bacteria_3516,PNEUMONIA,1
person1381_bacteria_3517,PNEUMONIA,1
person1387_virus_2382,PNEUMONIA,1
person138_bacteria_659,PNEUMONIA,1
person1390_bacteria_3535,PNEUMONIA,1
person1391_bacteria_3537,PNEUMONIA,1
person1393_virus_2396,PNEUMONIA,1
person1395_virus_2398,PNEUMONIA,1
person1397_virus_2400,PNEUMONIA,1
person1399_bacteria_3549,PNEUMONIA,1
person1399_virus_2402,PNEUMONIA,1
person139_bacteria_663,PNEUMONIA,1
person13_bacteria_49,PNEUMONIA,1
person1404_bacteria_3561,PNEUMONIA,1
person1405_bacteria_3567,PNEUMONIA,1
person1405_bacteria_3571,PNEUMONIA,1
person1406_bacteria_3575,PNEUMONIA,1
person1407_virus_2410,PNEUMONIA,1
person140_virus_285,PNEUMONIA,1
person1411_bacteria_3598,PNEUMONIA,1
person1411_bacteria_3601,PNEUMONIA,1
person1411_bacteria_3604,PNEUMONIA,1
person1411_bacteria_3607,PNEUMONIA,1
person1411_virus_2415,PNEUMONIA,1
person1413_virus_2422,PNEUMONIA,1
person1413_virus_2423,PNEUMONIA,1
person1415_bacteria_3629,PNEUMONIA,1
person1415_virus_2425,PNEUMONIA,1
person1418_bacteria_3637,PNEUMONIA,1
person1418_bacteria_3638,PNEUMONIA,1
person1418_bacteria_3639,PNEUMONIA,1
person141_bacteria_676,PNEUMONIA,1
person141_bacteria_681,PNEUMONIA,1
person1420_bacteria_3647,PNEUMONIA,1
person1423_bacteria_3650,PNEUMONIA,1
person1424_bacteria_3651,PNEUMONIA,1
person1427_virus_2441,PNEUMONIA,1
person1428_virus_2442,PNEUMONIA,1
person1429_bacteria_3688,PNEUMONIA,1
person1429_bacteria_3690,PNEUMONIA,1
person142_bacteria_684,PNEUMONIA,1
person1430_bacteria_3695,PNEUMONIA,1
person1430_bacteria_3696,PNEUMONIA,1
person1430_bacteria_3697,PNEUMONIA,1
person1430_virus_2444,PNEUMONIA,1
person1431_bacteria_3698,PNEUMONIA,1
person1433_bacteria_3704,PNEUMONIA,1
person143_bacteria_687,PNEUMONIA,1
person143_virus_289,PNEUMONIA,1
person1440_bacteria_3723,PNEUMONIA,1
person1441_bacteria_3724,PNEUMONIA,1
person1448_virus_2468,PNEUMONIA,1
person1449_bacteria_3743,PNEUMONIA,1
person1449_bacteria_3745,PNEUMONIA,1
person1449_bacteria_3746,PNEUMONIA,1
person1451_virus_2482,PNEUMONIA,1
person1453_bacteria_3770,PNEUMONIA,1
person1453_bacteria_3771,PNEUMONIA,1
person1453_virus_2485,PNEUMONIA,1
person1454_bacteria_3779,PNEUMONIA,1
person1454_bacteria_3780,PNEUMONIA,1
person1454_bacteria_3781,PNEUMONIA,1
person1454_virus_2486,PNEUMONIA,1
person1455_virus_2488,PNEUMONIA,1
person1455_virus_2492,PNEUMONIA,1
person1458_virus_2501,PNEUMONIA,1
person1458_virus_2502,PNEUMONIA,1
person1458_virus_2503,PNEUMONIA,1
person145_bacteria_696,PNEUMONIA,1
person1462_virus_2512,PNEUMONIA,1
person1463_bacteria_3811,PNEUMONIA,1
person1465_virus_2530,PNEUMONIA,1
person1465_virus_2532,PNEUMONIA,1
person1467_virus_2544,PNEUMONIA,1
person1468_bacteria_3822,PNEUMONIA,1
person1468_virus_2546,PNEUMONIA,1
person1469_bacteria_3827,PNEUMONIA,1
person1469_virus_2547,PNEUMONIA,1
person146_bacteria_700,PNEUMONIA,1
person146_bacteria_704,PNEUMONIA,1
person146_virus_296,PNEUMONIA,1
person1470_bacteria_3829,PNEUMONIA,1
person1470_bacteria_3830,PNEUMONIA,1
person1473_virus_2551,PNEUMONIA,1
person1474_bacteria_3837,PNEUMONIA,1
person1475_virus_2558,PNEUMONIA,1
person1476_bacteria_3842,PNEUMONIA,1
person1476_bacteria_3843,PNEUMONIA,1
person147_bacteria_711,PNEUMONIA,1
person1480_bacteria_3858,PNEUMONIA,1
person1480_bacteria_3859,PNEUMONIA,1
person1481_bacteria_3862,PNEUMONIA,1
person1481_bacteria_3863,PNEUMONIA,1
person1481_bacteria_3866,PNEUMONIA,1
person1481_bacteria_3868,PNEUMONIA,1
person1482_virus_2572,PNEUMONIA,1
person1483_bacteria_3876,PNEUMONIA,1
person1488_bacteria_3887,PNEUMONIA,1
person1488_virus_2593,PNEUMONIA,1
person1490_bacteria_3891,PNEUMONIA,1
person1490_virus_2596,PNEUMONIA,1
person1493_bacteria_3895,PNEUMONIA,1
person1493_bacteria_3896,PNEUMONIA,1
person1493_bacteria_3897,PNEUMONIA,1
person1493_bacteria_3899,PNEUMONIA,1
person1494_bacteria_3901,PNEUMONIA,1
person1494_virus_2601,PNEUMONIA,1
person1496_bacteria_3905,PNEUMONIA,1
person1496_bacteria_3906,PNEUMONIA,1
person1496_bacteria_3908,PNEUMONIA,1
person1496_virus_2605,PNEUMONIA,1
person1496_virus_2606,PNEUMONIA,1
person1501_virus_2611,PNEUMONIA,1
person1502_bacteria_3922,PNEUMONIA,1
person1502_bacteria_3927,PNEUMONIA,1
person1502_bacteria_3928,PNEUMONIA,1
person1504_bacteria_3931,PNEUMONIA,1
person1505_virus_2615,PNEUMONIA,1
person1506_virus_2616,PNEUMONIA,1
person1507_bacteria_3942,PNEUMONIA,1
person1507_bacteria_3943,PNEUMONIA,1
person1507_bacteria_3947,PNEUMONIA,1
person1507_bacteria_3948,PNEUMONIA,1
person1509_bacteria_3951,PNEUMONIA,1
person1509_virus_2621,PNEUMONIA,1
person150_bacteria_715,PNEUMONIA,1
person1510_virus_2629,PNEUMONIA,1
person1512_bacteria_3958,PNEUMONIA,1
person1513_virus_2632,PNEUMONIA,1
person1518_bacteria_3969,PNEUMONIA,1
person1519_virus_2646,PNEUMONIA,1
person151_bacteria_718,PNEUMONIA,1
person151_virus_301,PNEUMONIA,1
person1521_virus_2649,PNEUMONIA,1
person1523_bacteria_3979,PNEUMONIA,1
person1524_virus_2658,PNEUMONIA,1
person1525_virus_2659,PNEUMONIA,1
person1526_virus_2660,PNEUMONIA,1
person1527_bacteria_3988,PNEUMONIA,1
person1527_bacteria_3989,PNEUMONIA,1
person1527_virus_2661,PNEUMONIA,1
person1528_bacteria_3991,PNEUMONIA,1
person1528_bacteria_3996,PNEUMONIA,1
person152_bacteria_722,PNEUMONIA,1
person152_virus_303,PNEUMONIA,1
person1535_virus_2672,PNEUMONIA,1
person1536_bacteria_4018,PNEUMONIA,1
person1536_virus_2673,PNEUMONIA,1
person1537_bacteria_4020,PNEUMONIA,1
person1539_virus_2679,PNEUMONIA,1
person153_bacteria_725,PNEUMONIA,1
person153_bacteria_726,PNEUMONIA,1
person1541_virus_2681,PNEUMONIA,1
person1542_bacteria_4029,PNEUMONIA,1
person1547_virus_2688,PNEUMONIA,1
person1544_bacteria_4033,PNEUMONIA,1
person1544_bacteria_4037,PNEUMONIA,1
person1544_bacteria_4038,PNEUMONIA,1
person1545_bacteria_4041,PNEUMONIA,1
person1545_bacteria_4042,PNEUMONIA,1
person1548_bacteria_4048,PNEUMONIA,1
person1549_virus_2690,PNEUMONIA,1
person1550_bacteria_4051,PNEUMONIA,1
person1550_virus_2691,PNEUMONIA,1
person1551_bacteria_4053,PNEUMONIA,1
person1551_virus_2692,PNEUMONIA,1
person1554_bacteria_4057,PNEUMONIA,1
person1556_virus_2699,PNEUMONIA,1
person1558_bacteria_4066,PNEUMONIA,1
person155_bacteria_729,PNEUMONIA,1
person155_bacteria_730,PNEUMONIA,1
person1562_bacteria_4081,PNEUMONIA,1
person1563_bacteria_4092,PNEUMONIA,1
person1565_bacteria_4095,PNEUMONIA,1
person156_virus_308,PNEUMONIA,1
person1574_bacteria_4118,PNEUMONIA,1
person1576_bacteria_4122,PNEUMONIA,1
person1579_bacteria_4133,PNEUMONIA,1
person1581_bacteria_4135,PNEUMONIA,1
person1582_bacteria_4140,PNEUMONIA,1
person1582_bacteria_4142,PNEUMONIA,1
person1582_bacteria_4143,PNEUMONIA,1
person1585_bacteria_4151,PNEUMONIA,1
person1590_bacteria_4176,PNEUMONIA,1
person1591_virus_2765,PNEUMONIA,1
person1592_bacteria_4178,PNEUMONIA,1
person1593_virus_2767,PNEUMONIA,1
person1594_bacteria_4182,PNEUMONIA,1
person1595_virus_2771,PNEUMONIA,1
person1597_bacteria_4187,PNEUMONIA,1
person1597_bacteria_4190,PNEUMONIA,1
person1597_bacteria_4192,PNEUMONIA,1
person1598_bacteria_4198,PNEUMONIA,1
person15_bacteria_52,PNEUMONIA,1
person1600_virus_2777,PNEUMONIA,1
person1602_bacteria_4218,PNEUMONIA,1
person1605_bacteria_4226,PNEUMONIA,1
person1608_virus_2786,PNEUMONIA,1
person1609_bacteria_4236,PNEUMONIA,1
person1609_bacteria_4237,PNEUMONIA,1
person160_virus_316,PNEUMONIA,1
person1610_virus_2793,PNEUMONIA,1
person1611_bacteria_4241,PNEUMONIA,1
person1613_virus_2799,PNEUMONIA,1
person1614_virus_2800,PNEUMONIA,1
person1617_bacteria_4254,PNEUMONIA,1
person1619_bacteria_4262,PNEUMONIA,1
person1619_bacteria_4266,PNEUMONIA,1
person1619_bacteria_4267,PNEUMONIA,1
person161_bacteria_757,PNEUMONIA,1
person161_bacteria_762,PNEUMONIA,1
person1620_bacteria_4272,PNEUMONIA,1
person1626_virus_2818,PNEUMONIA,1
person1628_bacteria_4293,PNEUMONIA,1
person1628_bacteria_4297,PNEUMONIA,1
person1631_virus_2826,PNEUMONIA,1
person1634_bacteria_4331,PNEUMONIA,1
person1635_virus_2831,PNEUMONIA,1
person1637_bacteria_4339,PNEUMONIA,1
person1637_virus_2834,PNEUMONIA,1
person1639_bacteria_4343,PNEUMONIA,1
person1642_bacteria_4353,PNEUMONIA,1
person1642_virus_2842,PNEUMONIA,1
person1643_virus_2843,PNEUMONIA,1
person1644_bacteria_4362,PNEUMONIA,1
person1645_bacteria_4363,PNEUMONIA,1
person1645_virus_2845,PNEUMONIA,1
person1649_bacteria_4378,PNEUMONIA,1
person1651_bacteria_4381,PNEUMONIA,1
person1651_virus_2855,PNEUMONIA,1
person1653_virus_2858,PNEUMONIA,1
person1653_virus_2859,PNEUMONIA,1
person1655_virus_2861,PNEUMONIA,1
person1657_virus_2864,PNEUMONIA,1
person1660_virus_2869,PNEUMONIA,1
person1661_virus_2873,PNEUMONIA,1
person1663_bacteria_4411,PNEUMONIA,1
person1665_bacteria_4415,PNEUMONIA,1
person1665_virus_2878,PNEUMONIA,1
person1667_bacteria_4417,PNEUMONIA,1
person1667_bacteria_4418,PNEUMONIA,1
person1669_bacteria_4422,PNEUMONIA,1
person1669_bacteria_4423,PNEUMONIA,1
person1669_bacteria_4424,PNEUMONIA,1
person1670_bacteria_4426,PNEUMONIA,1
person1670_bacteria_4427,PNEUMONIA,1
person1670_bacteria_4428,PNEUMONIA,1
person1670_bacteria_4429,PNEUMONIA,1
person1670_bacteria_4430,PNEUMONIA,1
person1670_bacteria_4431,PNEUMONIA,1
person1672_virus_2888,PNEUMONIA,1
person1676_bacteria_4441,PNEUMONIA,1
person1679_bacteria_4449,PNEUMONIA,1
person1679_bacteria_4450,PNEUMONIA,1
person1679_bacteria_4452,PNEUMONIA,1
person1679_bacteria_4453,PNEUMONIA,1
person1679_virus_2896,PNEUMONIA,1
person1682_bacteria_4459,PNEUMONIA,1
person1684_bacteria_4462,PNEUMONIA,1
person1689_bacteria_4472,PNEUMONIA,1
person1689_bacteria_4474,PNEUMONIA,1
person1691_bacteria_4481,PNEUMONIA,1
person16_bacteria_53,PNEUMONIA,1
person16_bacteria_55,PNEUMONIA,1
person16_virus_47,PNEUMONIA,1
person1700_bacteria_4500,PNEUMONIA,1
person1700_bacteria_4502,PNEUMONIA,1
person1701_bacteria_4504,PNEUMONIA,1
person1702_bacteria_4506,PNEUMONIA,1
person1702_bacteria_4511,PNEUMONIA,1
person1707_bacteria_4520,PNEUMONIA,1
person1709_bacteria_4524,PNEUMONIA,1
person1710_bacteria_4525,PNEUMONIA,1
person1719_bacteria_4541,PNEUMONIA,1
person1721_bacteria_4546,PNEUMONIA,1
person1726_bacteria_4552,PNEUMONIA,1
person1729_bacteria_4557,PNEUMONIA,1
person172_bacteria_828,PNEUMONIA,1
person1730_bacteria_4558,PNEUMONIA,1
person1732_bacteria_4564,PNEUMONIA,1
person173_bacteria_830,PNEUMONIA,1
person1744_bacteria_4583,PNEUMONIA,1
person1749_bacteria_4590,PNEUMONIA,1
person174_bacteria_832,PNEUMONIA,1
person1753_bacteria_4594,PNEUMONIA,1
person1757_bacteria_4599,PNEUMONIA,1
person175_bacteria_833,PNEUMONIA,1
person1761_bacteria_4603,PNEUMONIA,1
person1779_bacteria_4626,PNEUMONIA,1
person1787_bacteria_4634,PNEUMONIA,1
person17_bacteria_56,PNEUMONIA,1
person1816_bacteria_4673,PNEUMONIA,1
person1817_bacteria_4675,PNEUMONIA,1
person1819_bacteria_4677,PNEUMONIA,1
person1838_bacteria_4703,PNEUMONIA,1
person1841_bacteria_4708,PNEUMONIA,1
person1843_bacteria_4710,PNEUMONIA,1
person1855_bacteria_4727,PNEUMONIA,1
person1859_bacteria_4731,PNEUMONIA,1
person1860_bacteria_4732,PNEUMONIA,1
person1863_bacteria_4735,PNEUMONIA,1
person1865_bacteria_4737,PNEUMONIA,1
person1866_bacteria_4740,PNEUMONIA,1
person1869_bacteria_4745,PNEUMONIA,1
person1872_bacteria_4751,PNEUMONIA,1
person1879_bacteria_4764,PNEUMONIA,1
person1880_bacteria_4765,PNEUMONIA,1
person1884_bacteria_4771,PNEUMONIA,1
person1901_bacteria_4795,PNEUMONIA,1
person1903_bacteria_4797,PNEUMONIA,1
person1908_bacteria_4811,PNEUMONIA,1
person1910_bacteria_4814,PNEUMONIA,1
person1911_bacteria_4815,PNEUMONIA,1
person1916_bacteria_4821,PNEUMONIA,1
person1918_bacteria_4825,PNEUMONIA,1
person1922_bacteria_4830,PNEUMONIA,1
person1924_bacteria_4832,PNEUMONIA,1
person1924_bacteria_4833,PNEUMONIA,1
person1926_bacteria_4835,PNEUMONIA,1
person1927_bacteria_4836,PNEUMONIA,1
person1927_bacteria_4837,PNEUMONIA,1
person1930_bacteria_4841,PNEUMONIA,1
person1931_bacteria_4842,PNEUMONIA,1
person1933_bacteria_4844,PNEUMONIA,1
person1934_bacteria_4846,PNEUMONIA,1
person1935_bacteria_4848,PNEUMONIA,1
person1936_bacteria_4852,PNEUMONIA,1
person1938_bacteria_4854,PNEUMONIA,1
person1940_bacteria_4862,PNEUMONIA,1
person1950_bacteria_4881,PNEUMONIA,1
person1952_bacteria_4883,PNEUMONIA,1
person19_bacteria_59,PNEUMONIA,1
person19_bacteria_62,PNEUMONIA,1
person1_bacteria_1,PNEUMONIA,1
person1_virus_12,PNEUMONIA,1
person1_virus_8,PNEUMONIA,1
person1_virus_9,PNEUMONIA,1
person20_bacteria_64,PNEUMONIA,1
person20_bacteria_66,PNEUMONIA,1
person20_bacteria_69,PNEUMONIA,1
person20_virus_51,PNEUMONIA,1
person21_virus_52,PNEUMONIA,1
person21_virus_53,PNEUMONIA,1
person23_bacteria_102,PNEUMONIA,1
person23_bacteria_104,PNEUMONIA,1
person23_bacteria_106,PNEUMONIA,1
person23_bacteria_79,PNEUMONIA,1
person23_bacteria_80,PNEUMONIA,1
person23_bacteria_88,PNEUMONIA,1
person23_bacteria_93,PNEUMONIA,1
person23_bacteria_97,PNEUMONIA,1
person23_bacteria_98,PNEUMONIA,1
person23_virus_56,PNEUMONIA,1
person24_bacteria_108,PNEUMONIA,1
person24_bacteria_111,PNEUMONIA,1
person253_bacteria_1152,PNEUMONIA,1
person253_bacteria_1156,PNEUMONIA,1
person255_bacteria_1162,PNEUMONIA,1
person255_bacteria_1175,PNEUMONIA,1
person255_bacteria_1182,PNEUMONIA,1
person255_virus_531,PNEUMONIA,1
person257_bacteria_1191,PNEUMONIA,1
person257_bacteria_1193,PNEUMONIA,1
person257_bacteria_1195,PNEUMONIA,1
person257_bacteria_1196,PNEUMONIA,1
person257_bacteria_1200,PNEUMONIA,1
person257_virus_538,PNEUMONIA,1
person258_bacteria_1206,PNEUMONIA,1
person258_bacteria_1209,PNEUMONIA,1
person258_bacteria_1214,PNEUMONIA,1
person259_bacteria_1217,PNEUMONIA,1
person25_bacteria_114,PNEUMONIA,1
person25_bacteria_120,PNEUMONIA,1
person25_virus_59,PNEUMONIA,1
person260_bacteria_1222,PNEUMONIA,1
person261_bacteria_1225,PNEUMONIA,1
person261_virus_543,PNEUMONIA,1
person262_virus_545,PNEUMONIA,1
person263_virus_546,PNEUMONIA,1
person264_bacteria_1229,PNEUMONIA,1
person264_bacteria_1230,PNEUMONIA,1
person264_virus_547,PNEUMONIA,1
person265_bacteria_1236,PNEUMONIA,1
person266_bacteria_1238,PNEUMONIA,1
person266_bacteria_1240,PNEUMONIA,1
person266_bacteria_1241,PNEUMONIA,1
person266_bacteria_1244,PNEUMONIA,1
person266_bacteria_1245,PNEUMONIA,1
person266_virus_549,PNEUMONIA,1
person267_bacteria_1250,PNEUMONIA,1
person268_virus_553,PNEUMONIA,1
person269_virus_554,PNEUMONIA,1
person26_bacteria_129,PNEUMONIA,1
person26_bacteria_131,PNEUMONIA,1
person26_bacteria_132,PNEUMONIA,1
person26_bacteria_133,PNEUMONIA,1
person271_virus_556,PNEUMONIA,1
person273_virus_561,PNEUMONIA,1
person274_bacteria_1288,PNEUMONIA,1
person274_bacteria_1289,PNEUMONIA,1
person274_bacteria_1290,PNEUMONIA,1
person274_virus_563,PNEUMONIA,1
person275_bacteria_1291,PNEUMONIA,1
person275_bacteria_1294,PNEUMONIA,1
person276_bacteria_1298,PNEUMONIA,1
person277_bacteria_1302,PNEUMONIA,1
person277_bacteria_1304,PNEUMONIA,1
person277_bacteria_1305,PNEUMONIA,1
person277_bacteria_1307,PNEUMONIA,1
person278_bacteria_1311,PNEUMONIA,1
person278_bacteria_1313,PNEUMONIA,1
person278_bacteria_1314,PNEUMONIA,1
person278_virus_572,PNEUMONIA,1
person278_virus_573,PNEUMONIA,1
person278_virus_574,PNEUMONIA,1
person278_virus_575,PNEUMONIA,1
person279_bacteria_1315,PNEUMONIA,1
person279_virus_576,PNEUMONIA,1
person27_bacteria_135,PNEUMONIA,1
person280_bacteria_1320,PNEUMONIA,1
person280_bacteria_1321,PNEUMONIA,1
person280_bacteria_1322,PNEUMONIA,1
person281_bacteria_1327,PNEUMONIA,1
person281_bacteria_1331,PNEUMONIA,1
person281_bacteria_1332,PNEUMONIA,1
person284_virus_582,PNEUMONIA,1
person287_bacteria_1354,PNEUMONIA,1
person287_bacteria_1355,PNEUMONIA,1
person28_virus_62,PNEUMONIA,1
person292_virus_597,PNEUMONIA,1
person292_virus_599,PNEUMONIA,1
person294_bacteria_1380,PNEUMONIA,1
person294_bacteria_1385,PNEUMONIA,1
person294_bacteria_1386,PNEUMONIA,1
person294_bacteria_1388,PNEUMONIA,1
person294_virus_610,PNEUMONIA,1
person294_virus_611,PNEUMONIA,1
person295_bacteria_1390,PNEUMONIA,1
person296_bacteria_1393,PNEUMONIA,1
person296_bacteria_1396,PNEUMONIA,1
person297_bacteria_1404,PNEUMONIA,1
person298_bacteria_1409,PNEUMONIA,1
person298_bacteria_1412,PNEUMONIA,1
person299_bacteria_1414,PNEUMONIA,1
person299_bacteria_1417,PNEUMONIA,1
person299_bacteria_1418,PNEUMONIA,1
person299_bacteria_1419,PNEUMONIA,1
person299_virus_620,PNEUMONIA,1
person300_bacteria_1421,PNEUMONIA,1
person300_virus_621,PNEUMONIA,1
person301_bacteria_1424,PNEUMONIA,1
person301_bacteria_1429,PNEUMONIA,1
person301_virus_622,PNEUMONIA,1
person302_bacteria_1430,PNEUMONIA,1
person303_bacteria_1431,PNEUMONIA,1
person303_virus_624,PNEUMONIA,1
person305_bacteria_1435,PNEUMONIA,1
person305_bacteria_1436,PNEUMONIA,1
person305_bacteria_1437,PNEUMONIA,1
person307_bacteria_1441,PNEUMONIA,1
person308_virus_630,PNEUMONIA,1
person309_bacteria_1447,PNEUMONIA,1
person30_bacteria_147,PNEUMONIA,1
person30_bacteria_148,PNEUMONIA,1
person30_bacteria_153,PNEUMONIA,1
person30_bacteria_155,PNEUMONIA,1
person30_bacteria_156,PNEUMONIA,1
person310_bacteria_1451,PNEUMONIA,1
person310_virus_633,PNEUMONIA,1
person311_bacteria_1452,PNEUMONIA,1
person312_virus_635,PNEUMONIA,1
person313_bacteria_1460,PNEUMONIA,1
person314_bacteria_1462,PNEUMONIA,1
person314_virus_639,PNEUMONIA,1
person316_bacteria_1469,PNEUMONIA,1
person318_bacteria_1474,PNEUMONIA,1
person319_bacteria_1478,PNEUMONIA,1
person319_virus_645,PNEUMONIA,1
person31_bacteria_162,PNEUMONIA,1
person31_bacteria_163,PNEUMONIA,1
person31_virus_70,PNEUMONIA,1
person321_bacteria_1483,PNEUMONIA,1
person321_bacteria_1485,PNEUMONIA,1
person321_bacteria_1486,PNEUMONIA,1
person325_bacteria_1498,PNEUMONIA,1
person325_bacteria_1500,PNEUMONIA,1
person325_bacteria_1501,PNEUMONIA,1
person325_bacteria_1502,PNEUMONIA,1
person325_virus_664,PNEUMONIA,1
person325_virus_665,PNEUMONIA,1
person326_bacteria_1506,PNEUMONIA,1
person326_virus_670,PNEUMONIA,1
person326_virus_672,PNEUMONIA,1
person328_bacteria_1510,PNEUMONIA,1
person328_bacteria_1512,PNEUMONIA,1
person328_bacteria_1514,PNEUMONIA,1
person331_bacteria_1527,PNEUMONIA,1
person331_bacteria_1528,PNEUMONIA,1
person332_bacteria_1534,PNEUMONIA,1
person332_bacteria_1536,PNEUMONIA,1
person332_bacteria_1537,PNEUMONIA,1
person335_virus_690,PNEUMONIA,1
person336_bacteria_1548,PNEUMONIA,1
person336_bacteria_1553,PNEUMONIA,1
person337_bacteria_1554,PNEUMONIA,1
person337_bacteria_1557,PNEUMONIA,1
person337_bacteria_1566,PNEUMONIA,1
person33_bacteria_172,PNEUMONIA,1
person33_bacteria_173,PNEUMONIA,1
person33_bacteria_175,PNEUMONIA,1
person340_bacteria_1575,PNEUMONIA,1
person342_virus_702,PNEUMONIA,1
person343_bacteria_1583,PNEUMONIA,1
person346_virus_709,PNEUMONIA,1
person347_bacteria_1595,PNEUMONIA,1
person348_bacteria_1601,PNEUMONIA,1
person348_bacteria_1604,PNEUMONIA,1
person348_virus_711,PNEUMONIA,1
person348_virus_723,PNEUMONIA,1
person349_bacteria_1606,PNEUMONIA,1
person349_virus_724,PNEUMONIA,1
person34_bacteria_176,PNEUMONIA,1
person351_bacteria_1619,PNEUMONIA,1
person351_bacteria_1620,PNEUMONIA,1
person351_bacteria_1622,PNEUMONIA,1
person351_virus_726,PNEUMONIA,1
person352_bacteria_1625,PNEUMONIA,1
person353_bacteria_1626,PNEUMONIA,1
person353_bacteria_1628,PNEUMONIA,1
person358_virus_737,PNEUMONIA,1
person359_bacteria_1642,PNEUMONIA,1
person35_virus_80,PNEUMONIA,1
person361_bacteria_1651,PNEUMONIA,1
person361_virus_740,PNEUMONIA,1
person362_virus_741,PNEUMONIA,1
person363_bacteria_1654,PNEUMONIA,1
person363_bacteria_1655,PNEUMONIA,1
person364_bacteria_1656,PNEUMONIA,1
person364_bacteria_1657,PNEUMONIA,1
person364_bacteria_1658,PNEUMONIA,1
person364_bacteria_1659,PNEUMONIA,1
person364_bacteria_1660,PNEUMONIA,1
person366_virus_746,PNEUMONIA,1
person367_bacteria_1665,PNEUMONIA,1
person368_bacteria_1668,PNEUMONIA,1
person368_bacteria_1672,PNEUMONIA,1
person368_virus_748,PNEUMONIA,1
person36_bacteria_183,PNEUMONIA,1
person36_bacteria_185,PNEUMONIA,1
person370_bacteria_1689,PNEUMONIA,1
person370_bacteria_1691,PNEUMONIA,1
person370_virus_752,PNEUMONIA,1
person371_bacteria_1696,PNEUMONIA,1
person371_bacteria_1701,PNEUMONIA,1
person371_bacteria_1703,PNEUMONIA,1
person372_bacteria_1704,PNEUMONIA,1
person372_bacteria_1705,PNEUMONIA,1
person372_bacteria_1706,PNEUMONIA,1
person372_virus_755,PNEUMONIA,1
person373_bacteria_1707,PNEUMONIA,1
person373_virus_756,PNEUMONIA,1
person374_bacteria_1711,PNEUMONIA,1
person375_bacteria_1713,PNEUMONIA,1
person375_virus_758,PNEUMONIA,1
person37_bacteria_187,PNEUMONIA,1
person37_bacteria_189,PNEUMONIA,1
person382_bacteria_1737,PNEUMONIA,1
person382_bacteria_1738,PNEUMONIA,1
person382_bacteria_1739,PNEUMONIA,1
person382_bacteria_1745,PNEUMONIA,1
person383_bacteria_1747,PNEUMONIA,1
person383_bacteria_1749,PNEUMONIA,1
person383_bacteria_1753,PNEUMONIA,1
person383_virus_767,PNEUMONIA,1
person385_bacteria_1766,PNEUMONIA,1
person387_virus_772,PNEUMONIA,1
person388_virus_775,PNEUMONIA,1
person388_virus_777,PNEUMONIA,1
person389_virus_778,PNEUMONIA,1
person38_bacteria_192,PNEUMONIA,1
person38_bacteria_193,PNEUMONIA,1
person38_bacteria_195,PNEUMONIA,1
person390_bacteria_1781,PNEUMONIA,1
person391_bacteria_1782,PNEUMONIA,1
person391_virus_781,PNEUMONIA,1
person392_bacteria_1786,PNEUMONIA,1
person393_bacteria_1789,PNEUMONIA,1
person394_bacteria_1791,PNEUMONIA,1
person394_bacteria_1792,PNEUMONIA,1
person395_bacteria_1795,PNEUMONIA,1
person396_virus_789,PNEUMONIA,1
person398_bacteria_1801,PNEUMONIA,1
person399_bacteria_1804,PNEUMONIA,1
person399_bacteria_1805,PNEUMONIA,1
person39_bacteria_200,PNEUMONIA,1
person39_virus_85,PNEUMONIA,1
person3_bacteria_10,PNEUMONIA,1
person3_bacteria_13,PNEUMONIA,1
person400_bacteria_1807,PNEUMONIA,1
person401_bacteria_1808,PNEUMONIA,1
person401_virus_798,PNEUMONIA,1
person402_virus_801,PNEUMONIA,1
person407_bacteria_1822,PNEUMONIA,1
person407_virus_811,PNEUMONIA,1
person407_virus_812,PNEUMONIA,1
person407_virus_814,PNEUMONIA,1
person408_bacteria_1823,PNEUMONIA,1
person409_bacteria_1824,PNEUMONIA,1
person409_virus_820,PNEUMONIA,1
person410_virus_821,PNEUMONIA,1
person411_bacteria_1826,PNEUMONIA,1
person413_bacteria_1830,PNEUMONIA,1
person413_bacteria_1831,PNEUMONIA,1
person413_bacteria_1834,PNEUMONIA,1
person413_virus_844,PNEUMONIA,1
person416_virus_849,PNEUMONIA,1
person417_bacteria_1841,PNEUMONIA,1
person417_virus_850,PNEUMONIA,1
person418_virus_852,PNEUMONIA,1
person419_bacteria_1844,PNEUMONIA,1
person419_bacteria_1845,PNEUMONIA,1
person419_virus_857,PNEUMONIA,1
person419_virus_861,PNEUMONIA,1
person41_bacteria_206,PNEUMONIA,1
person41_bacteria_208,PNEUMONIA,1
person41_bacteria_211,PNEUMONIA,1
person420_bacteria_1848,PNEUMONIA,1
person421_bacteria_1852,PNEUMONIA,1
person421_virus_866,PNEUMONIA,1
person422_virus_867,PNEUMONIA,1
person423_bacteria_1855,PNEUMONIA,1
person426_bacteria_1861,PNEUMONIA,1
person426_bacteria_1863,PNEUMONIA,1
person427_bacteria_1864,PNEUMONIA,1
person427_bacteria_1868,PNEUMONIA,1
person427_virus_875,PNEUMONIA,1
person429_virus_877,PNEUMONIA,1
person430_virus_879,PNEUMONIA,1
person431_bacteria_1872,PNEUMONIA,1
person431_virus_880,PNEUMONIA,1
person433_bacteria_1876,PNEUMONIA,1
person434_bacteria_1877,PNEUMONIA,1
person434_virus_884,PNEUMONIA,1
person435_virus_885,PNEUMONIA,1
person437_bacteria_1884,PNEUMONIA,1
person437_bacteria_1886,PNEUMONIA,1
person437_bacteria_1887,PNEUMONIA,1
person438_bacteria_1891,PNEUMONIA,1
person438_virus_889,PNEUMONIA,1
person440_bacteria_1897,PNEUMONIA,1
person440_virus_893,PNEUMONIA,1
person441_bacteria_1910,PNEUMONIA,1
person441_bacteria_1912,PNEUMONIA,1
person441_bacteria_1918,PNEUMONIA,1
person441_virus_894,PNEUMONIA,1
person441_virus_896,PNEUMONIA,1
person442_virus_898,PNEUMONIA,1
person442_virus_905,PNEUMONIA,1
person443_bacteria_1923,PNEUMONIA,1
person444_bacteria_1927,PNEUMONIA,1
person444_virus_911,PNEUMONIA,1
person445_bacteria_1929,PNEUMONIA,1
person445_bacteria_1930,PNEUMONIA,1
person445_virus_912,PNEUMONIA,1
person445_virus_917,PNEUMONIA,1
person446_virus_920,PNEUMONIA,1
person447_bacteria_1932,PNEUMONIA,1
person447_virus_921_1,PNEUMONIA,1
person448_bacteria_1934,PNEUMONIA,1
person448_bacteria_1935,PNEUMONIA,1
person448_bacteria_1937,PNEUMONIA,1
person449_bacteria_1940,PNEUMONIA,1
person451_virus_932,PNEUMONIA,1
person453_virus_935,PNEUMONIA,1
person454_virus_938,PNEUMONIA,1
person457_bacteria_1949,PNEUMONIA,1
person457_virus_944,PNEUMONIA,1
person458_bacteria_1951,PNEUMONIA,1
person458_bacteria_1953,PNEUMONIA,1
person459_bacteria_1957,PNEUMONIA,1
person45_bacteria_221,PNEUMONIA,1
person461_bacteria_1960,PNEUMONIA,1
person461_virus_950,PNEUMONIA,1
person462_bacteria_1967,PNEUMONIA,1
person464_bacteria_1974,PNEUMONIA,1
person464_bacteria_1975,PNEUMONIA,1
person464_virus_954,PNEUMONIA,1
person465_bacteria_1979,PNEUMONIA,1
person465_bacteria_1980,PNEUMONIA,1
person466_bacteria_1984,PNEUMONIA,1
person467_bacteria_1989,PNEUMONIA,1
person467_virus_961,PNEUMONIA,1
person468_bacteria_1991,PNEUMONIA,1
person469_bacteria_1993,PNEUMONIA,1
person469_bacteria_1994,PNEUMONIA,1
person46_bacteria_224,PNEUMONIA,1
person470_bacteria_1998,PNEUMONIA,1
person470_bacteria_2001,PNEUMONIA,1
person470_virus_966,PNEUMONIA,1
person471_bacteria_2004,PNEUMONIA,1
person471_bacteria_2006,PNEUMONIA,1
person472_bacteria_2007,PNEUMONIA,1
person472_bacteria_2008,PNEUMONIA,1
person472_bacteria_2010,PNEUMONIA,1
person474_virus_971,PNEUMONIA,1
person475_bacteria_2022,PNEUMONIA,1
person475_bacteria_2023,PNEUMONIA,1
person475_bacteria_2024,PNEUMONIA,1
person475_bacteria_2025,PNEUMONIA,1
person475_virus_972,PNEUMONIA,1
person476_bacteria_2026,PNEUMONIA,1
person477_bacteria_2030,PNEUMONIA,1
person481_bacteria_2042,PNEUMONIA,1
person482_bacteria_2043,PNEUMONIA,1
person483_virus_985,PNEUMONIA,1
person486_bacteria_2051,PNEUMONIA,1
person486_virus_990,PNEUMONIA,1
person487_bacteria_2055,PNEUMONIA,1
person487_bacteria_2059,PNEUMONIA,1
person487_virus_991,PNEUMONIA,1
person488_bacteria_2062,PNEUMONIA,1
person488_virus_992,PNEUMONIA,1
person489_bacteria_2063,PNEUMONIA,1
person489_bacteria_2064,PNEUMONIA,1
person489_bacteria_2067,PNEUMONIA,1
person489_virus_994,PNEUMONIA,1
person48_bacteria_230,PNEUMONIA,1
person48_bacteria_231,PNEUMONIA,1
person48_bacteria_232,PNEUMONIA,1
person490_virus_996,PNEUMONIA,1
person491_bacteria_2071,PNEUMONIA,1
person491_bacteria_2075,PNEUMONIA,1
person491_bacteria_2080,PNEUMONIA,1
person491_bacteria_2081,PNEUMONIA,1
person491_virus_997,PNEUMONIA,1
person492_bacteria_2083,PNEUMONIA,1
person492_bacteria_2085,PNEUMONIA,1
person493_bacteria_2087,PNEUMONIA,1
person494_bacteria_2089,PNEUMONIA,1
person495_virus_1001,PNEUMONIA,1
person498_virus_1007,PNEUMONIA,1
person499_bacteria_2103,PNEUMONIA,1
person499_virus_1008,PNEUMONIA,1
person49_bacteria_235,PNEUMONIA,1
person4_bacteria_14,PNEUMONIA,1
person500_bacteria_2108,PNEUMONIA,1
person500_bacteria_2109,PNEUMONIA,1
person500_bacteria_2110,PNEUMONIA,1
person501_bacteria_2112,PNEUMONIA,1
person501_bacteria_2113,PNEUMONIA,1
person501_virus_1010,PNEUMONIA,1
person502_bacteria_2122,PNEUMONIA,1
person502_bacteria_2123,PNEUMONIA,1
person502_virus_1011,PNEUMONIA,1
person502_virus_1012,PNEUMONIA,1
person503_bacteria_2126,PNEUMONIA,1
person503_virus_1013,PNEUMONIA,1
person504_bacteria_2130,PNEUMONIA,1
person505_bacteria_2135,PNEUMONIA,1
person506_virus_1018,PNEUMONIA,1
person507_bacteria_2139,PNEUMONIA,1
person508_bacteria_2143,PNEUMONIA,1
person509_virus_1024,PNEUMONIA,1
person510_bacteria_2149,PNEUMONIA,1
person510_bacteria_2150,PNEUMONIA,1
person510_virus_1026,PNEUMONIA,1
person511_bacteria_2153,PNEUMONIA,1
person512_bacteria_2154,PNEUMONIA,1
person513_virus_1030,PNEUMONIA,1
person514_bacteria_2184,PNEUMONIA,1
person515_bacteria_2185,PNEUMONIA,1
person515_bacteria_2188,PNEUMONIA,1
person515_bacteria_2189,PNEUMONIA,1
person515_virus_1032,PNEUMONIA,1
person516_bacteria_2192,PNEUMONIA,1
person517_bacteria_2196,PNEUMONIA,1
person517_virus_1034,PNEUMONIA,1
person517_virus_1035,PNEUMONIA,1
person518_bacteria_2198,PNEUMONIA,1
person518_bacteria_2200,PNEUMONIA,1
person518_virus_1036,PNEUMONIA,1
person51_virus_105,PNEUMONIA,1
person520_bacteria_2205,PNEUMONIA,1
person523_virus_1043,PNEUMONIA,1
person525_bacteria_2216,PNEUMONIA,1
person525_bacteria_2217,PNEUMONIA,1
person526_bacteria_2221,PNEUMONIA,1
person527_virus_1048,PNEUMONIA,1
person528_virus_1049,PNEUMONIA,1
person52_bacteria_249,PNEUMONIA,1
person52_virus_106,PNEUMONIA,1
person530_bacteria_2233,PNEUMONIA,1
person530_virus_1052,PNEUMONIA,1
person531_bacteria_2237,PNEUMONIA,1
person531_bacteria_2242,PNEUMONIA,1
person533_bacteria_2245,PNEUMONIA,1
person534_bacteria_2252,PNEUMONIA,1
person535_bacteria_2256,PNEUMONIA,1
person536_bacteria_2260,PNEUMONIA,1
person536_virus_1064,PNEUMONIA,1
person537_bacteria_2261,PNEUMONIA,1
person537_bacteria_2262,PNEUMONIA,1
person539_bacteria_2270,PNEUMONIA,1
person539_virus_1069,PNEUMONIA,1
person53_bacteria_253,PNEUMONIA,1
person542_bacteria_2276,PNEUMONIA,1
person543_bacteria_2279,PNEUMONIA,1
person543_bacteria_2280,PNEUMONIA,1
person543_bacteria_2281,PNEUMONIA,1
person543_bacteria_2283,PNEUMONIA,1
person544_bacteria_2286,PNEUMONIA,1
person544_virus_1074,PNEUMONIA,1
person544_virus_1075,PNEUMONIA,1
person544_virus_1076,PNEUMONIA,1
person544_virus_1079,PNEUMONIA,1
person545_bacteria_2287,PNEUMONIA,1
person545_bacteria_2290,PNEUMONIA,1
person547_bacteria_2292,PNEUMONIA,1
person549_bacteria_2305,PNEUMONIA,1
person550_virus_1090,PNEUMONIA,1
person552_bacteria_2313,PNEUMONIA,1
person552_bacteria_2315,PNEUMONIA,1
person552_virus_1092,PNEUMONIA,1
person556_bacteria_2326,PNEUMONIA,1
person557_bacteria_2327,PNEUMONIA,1
person558_virus_1098,PNEUMONIA,1
person559_virus_1099,PNEUMONIA,1
person55_virus_110,PNEUMONIA,1
person560_bacteria_2330,PNEUMONIA,1
person561_bacteria_2331,PNEUMONIA,1
person563_bacteria_2333,PNEUMONIA,1
person563_bacteria_2339,PNEUMONIA,1
person564_bacteria_2343,PNEUMONIA,1
person564_bacteria_2346,PNEUMONIA,1
person567_bacteria_2352,PNEUMONIA,1
person567_bacteria_2353,PNEUMONIA,1
person567_bacteria_2354,PNEUMONIA,1
person567_virus_1107,PNEUMONIA,1
person568_bacteria_2358,PNEUMONIA,1
person569_bacteria_2360,PNEUMONIA,1
person569_bacteria_2364,PNEUMONIA,1
person56_bacteria_267,PNEUMONIA,1
person56_virus_112,PNEUMONIA,1
person570_bacteria_2365,PNEUMONIA,1
person571_bacteria_2367,PNEUMONIA,1
person572_bacteria_2368,PNEUMONIA,1
person573_bacteria_2369,PNEUMONIA,1
person573_virus_1116,PNEUMONIA,1
person574_bacteria_2371,PNEUMONIA,1
person574_bacteria_2372,PNEUMONIA,1
person574_virus_1118,PNEUMONIA,1
person575_virus_1119,PNEUMONIA,1
person576_bacteria_2375,PNEUMONIA,1
person576_bacteria_2376,PNEUMONIA,1
person577_bacteria_2378,PNEUMONIA,1
person578_virus_1122,PNEUMONIA,1
person579_bacteria_2386,PNEUMONIA,1
person579_virus_1123,PNEUMONIA,1
person57_bacteria_270,PNEUMONIA,1
person57_bacteria_271,PNEUMONIA,1
person580_bacteria_2387,PNEUMONIA,1
person580_bacteria_2389,PNEUMONIA,1
person581_bacteria_2390,PNEUMONIA,1
person581_bacteria_2392,PNEUMONIA,1
person581_bacteria_2395,PNEUMONIA,1
person583_virus_1127,PNEUMONIA,1
person585_bacteria_2414,PNEUMONIA,1
person588_bacteria_2422,PNEUMONIA,1
person588_virus_1135,PNEUMONIA,1
person589_bacteria_2424,PNEUMONIA,1
person589_bacteria_2425,PNEUMONIA,1
person58_bacteria_272,PNEUMONIA,1
person58_bacteria_274,PNEUMONIA,1
person592_bacteria_2431,PNEUMONIA,1
person592_virus_1141,PNEUMONIA,1
person593_bacteria_2435,PNEUMONIA,1
person594_bacteria_2436,PNEUMONIA,1
person595_bacteria_2438,PNEUMONIA,1
person595_virus_1147,PNEUMONIA,1
person596_bacteria_2443,PNEUMONIA,1
person596_bacteria_2444,PNEUMONIA,1
person596_bacteria_2445,PNEUMONIA,1
person596_bacteria_2446,PNEUMONIA,1
person597_virus_1150,PNEUMONIA,1
person599_bacteria_2455,PNEUMONIA,1
person59_bacteria_279,PNEUMONIA,1
person59_bacteria_282,PNEUMONIA,1
person59_bacteria_283,PNEUMONIA,1
person5_bacteria_15,PNEUMONIA,1
person5_bacteria_16,PNEUMONIA,1
person601_bacteria_2459,PNEUMONIA,1
person602_bacteria_2460,PNEUMONIA,1
person605_bacteria_2468,PNEUMONIA,1
person605_virus_1169,PNEUMONIA,1
person608_bacteria_2472,PNEUMONIA,1
person609_bacteria_2474,PNEUMONIA,1
person60_bacteria_286,PNEUMONIA,1
person60_bacteria_287,PNEUMONIA,1
person610_bacteria_2475,PNEUMONIA,1
person611_bacteria_2476,PNEUMONIA,1
person614_bacteria_2481,PNEUMONIA,1
person615_virus_1184,PNEUMONIA,1
person616_virus_1186,PNEUMONIA,1
person617_bacteria_2488,PNEUMONIA,1
person61_bacteria_288,PNEUMONIA,1
person61_bacteria_295,PNEUMONIA,1
person61_bacteria_296,PNEUMONIA,1
person620_virus_1192,PNEUMONIA,1
person621_virus_1194,PNEUMONIA,1
person624_bacteria_2497,PNEUMONIA,1
person624_virus_1198,PNEUMONIA,1
person625_bacteria_2499,PNEUMONIA,1
person626_bacteria_2502,PNEUMONIA,1
person628_virus_1206,PNEUMONIA,1
person629_bacteria_2506,PNEUMONIA,1
person629_virus_1207,PNEUMONIA,1
person62_bacteria_300,PNEUMONIA,1
person62_bacteria_301,PNEUMONIA,1
person62_bacteria_302,PNEUMONIA,1
person630_bacteria_2514,PNEUMONIA,1
person632_bacteria_2520,PNEUMONIA,1
person632_bacteria_2521,PNEUMONIA,1
person633_virus_1213,PNEUMONIA,1
person634_bacteria_2525,PNEUMONIA,1
person636_virus_1217,PNEUMONIA,1
person637_bacteria_2528,PNEUMONIA,1
person637_virus_1218,PNEUMONIA,1
person63_bacteria_306,PNEUMONIA,1
person640_bacteria_2532,PNEUMONIA,1
person642_virus_1223,PNEUMONIA,1
person643_bacteria_2534,PNEUMONIA,1
person645_bacteria_2537,PNEUMONIA,1
person645_virus_1226,PNEUMONIA,1
person646_virus_1227,PNEUMONIA,1
person647_bacteria_2539,PNEUMONIA,1
person648_bacteria_2540,PNEUMONIA,1
person648_virus_1230,PNEUMONIA,1
person649_bacteria_2541,PNEUMONIA,1
person64_bacteria_312,PNEUMONIA,1
person64_bacteria_316,PNEUMONIA,1
person64_bacteria_317,PNEUMONIA,1
person64_bacteria_319,PNEUMONIA,1
person64_bacteria_320,PNEUMONIA,1
person64_virus_122,PNEUMONIA,1
person650_virus_1232,PNEUMONIA,1
person651_bacteria_2543,PNEUMONIA,1
person652_bacteria_2544,PNEUMONIA,1
person658_bacteria_2550,PNEUMONIA,1
person660_virus_1244,PNEUMONIA,1
person662_bacteria_2554,PNEUMONIA,1
person663_bacteria_2555,PNEUMONIA,1
person664_virus_1249,PNEUMONIA,1
person667_virus_1253,PNEUMONIA,1
person669_bacteria_2562,PNEUMONIA,1
person669_virus_1255,PNEUMONIA,1
person66_bacteria_326,PNEUMONIA,1
person670_bacteria_2563,PNEUMONIA,1
person670_virus_1256,PNEUMONIA,1
person671_virus_1260,PNEUMONIA,1
person672_bacteria_2565,PNEUMONIA,1
person672_virus_1261,PNEUMONIA,1
person673_bacteria_2566,PNEUMONIA,1
person674_bacteria_2568,PNEUMONIA,1
person675_bacteria_2569,PNEUMONIA,1
person677_bacteria_2571,PNEUMONIA,1
person678_bacteria_2572,PNEUMONIA,1
person679_virus_1270,PNEUMONIA,1
person67_bacteria_329,PNEUMONIA,1
person67_bacteria_332,PNEUMONIA,1
person681_bacteria_2576,PNEUMONIA,1
person683_bacteria_2578,PNEUMONIA,1
person685_bacteria_2581,PNEUMONIA,1
person687_bacteria_2583,PNEUMONIA,1
person688_bacteria_2584,PNEUMONIA,1
person688_virus_1281,PNEUMONIA,1
person689_bacteria_2585,PNEUMONIA,1
person68_bacteria_335,PNEUMONIA,1
person68_bacteria_336,PNEUMONIA,1
person68_bacteria_337,PNEUMONIA,1
person691_bacteria_2588,PNEUMONIA,1
person692_bacteria_2589,PNEUMONIA,1
person692_virus_1286,PNEUMONIA,1
person693_bacteria_2590,PNEUMONIA,1
person699_bacteria_2598,PNEUMONIA,1
person699_virus_1295,PNEUMONIA,1
person6_bacteria_22,PNEUMONIA,1
person701_bacteria_2600,PNEUMONIA,1
person702_bacteria_2601,PNEUMONIA,1
person705_virus_1303,PNEUMONIA,1
person706_virus_1304,PNEUMONIA,1
person707_bacteria_2606,PNEUMONIA,1
person709_bacteria_2608,PNEUMONIA,1
person70_bacteria_344,PNEUMONIA,1
person70_bacteria_345,PNEUMONIA,1
person70_virus_130,PNEUMONIA,1
person710_bacteria_2611,PNEUMONIA,1
person712_bacteria_2613,PNEUMONIA,1
person714_bacteria_2615,PNEUMONIA,1
person716_virus_1314,PNEUMONIA,1
person719_bacteria_2621,PNEUMONIA,1
person71_bacteria_350,PNEUMONIA,1
person71_bacteria_351,PNEUMONIA,1
person71_virus_132,PNEUMONIA,1
person720_bacteria_2622,PNEUMONIA,1
person720_virus_1339,PNEUMONIA,1
person723_bacteria_2625,PNEUMONIA,1
person724_bacteria_2626,PNEUMONIA,1
person724_virus_1343,PNEUMONIA,1
person724_virus_1344,PNEUMONIA,1
person726_bacteria_2628,PNEUMONIA,1
person727_bacteria_2629,PNEUMONIA,1
person72_bacteria_352,PNEUMONIA,1
person732_bacteria_2634,PNEUMONIA,1
person733_bacteria_2635,PNEUMONIA,1
person734_virus_1355,PNEUMONIA,1
person735_virus_1356,PNEUMONIA,1
person736_virus_1358,PNEUMONIA,1
person737_bacteria_2640,PNEUMONIA,1
person738_bacteria_2641,PNEUMONIA,1
person73_bacteria_355,PNEUMONIA,1
person73_bacteria_356,PNEUMONIA,1
person73_bacteria_358,PNEUMONIA,1
person740_virus_1363,PNEUMONIA,1
person741_bacteria_2644,PNEUMONIA,1
person743_bacteria_2646,PNEUMONIA,1
person743_virus_1366,PNEUMONIA,1
person746_bacteria_2649,PNEUMONIA,1
person747_virus_1370,PNEUMONIA,1
person747_virus_1372,PNEUMONIA,1
person749_virus_1374,PNEUMONIA,1
person74_bacteria_361,PNEUMONIA,1
person74_bacteria_362,PNEUMONIA,1
person752_virus_1377,PNEUMONIA,1
person754_virus_1379,PNEUMONIA,1
person755_virus_1380,PNEUMONIA,1
person756_bacteria_2660,PNEUMONIA,1
person759_bacteria_2663,PNEUMONIA,1
person75_bacteria_366,PNEUMONIA,1
person75_bacteria_367,PNEUMONIA,1
person75_virus_136,PNEUMONIA,1
person760_virus_1388,PNEUMONIA,1
person769_bacteria_2673,PNEUMONIA,1
person76_bacteria_372,PNEUMONIA,1
person771_virus_1399,PNEUMONIA,1
person773_virus_1402,PNEUMONIA,1
person774_bacteria_2678,PNEUMONIA,1
person774_virus_1403,PNEUMONIA,1
person775_virus_1404,PNEUMONIA,1
person779_virus_1409,PNEUMONIA,1
person77_virus_139,PNEUMONIA,1
person780_bacteria_2684,PNEUMONIA,1
person783_virus_1414,PNEUMONIA,1
person785_bacteria_2689,PNEUMONIA,1
person789_virus_1420,PNEUMONIA,1
person78_bacteria_381,PNEUMONIA,1
person78_bacteria_382,PNEUMONIA,1
person793_virus_1424,PNEUMONIA,1
person794_bacteria_2700,PNEUMONIA,1
person797_virus_1429,PNEUMONIA,1
person798_virus_1430,PNEUMONIA,1
person7_bacteria_25,PNEUMONIA,1
person800_bacteria_2706,PNEUMONIA,1
person806_virus_1439,PNEUMONIA,1
person807_virus_1441,PNEUMONIA,1
person809_bacteria_2717,PNEUMONIA,1
person80_bacteria_390,PNEUMONIA,1
person80_bacteria_391,PNEUMONIA,1
person80_bacteria_393,PNEUMONIA,1
person813_virus_1449,PNEUMONIA,1
person819_bacteria_2730,PNEUMONIA,1
person81_bacteria_395,PNEUMONIA,1
person81_bacteria_396,PNEUMONIA,1
person81_virus_152,PNEUMONIA,1
person81_virus_153,PNEUMONIA,1
person820_bacteria_2731,PNEUMONIA,1
person820_virus_1456,PNEUMONIA,1
person826_virus_1462,PNEUMONIA,1
person829_bacteria_2740,PNEUMONIA,1
person82_bacteria_403,PNEUMONIA,1
person82_bacteria_404,PNEUMONIA,1
person82_bacteria_405,PNEUMONIA,1
person831_bacteria_2742,PNEUMONIA,1
person834_bacteria_2747,PNEUMONIA,1
person834_bacteria_2748,PNEUMONIA,1
person837_bacteria_2753,PNEUMONIA,1
person83_bacteria_409,PNEUMONIA,1
person83_bacteria_414,PNEUMONIA,1
person83_virus_156,PNEUMONIA,1
person840_bacteria_2759,PNEUMONIA,1
person84_virus_157,PNEUMONIA,1
person853_bacteria_2775,PNEUMONIA,1
person854_bacteria_2776,PNEUMONIA,1
person855_bacteria_2777,PNEUMONIA,1
person85_bacteria_422,PNEUMONIA,1
person85_bacteria_424,PNEUMONIA,1
person860_virus_1505,PNEUMONIA,1
person861_virus_1506,PNEUMONIA,1
person862_bacteria_2784,PNEUMONIA,1
person862_virus_1507,PNEUMONIA,1
person867_virus_1512,PNEUMONIA,1
person868_virus_1514,PNEUMONIA,1
person86_bacteria_428,PNEUMONIA,1
person875_bacteria_2798,PNEUMONIA,1
person877_bacteria_2800,PNEUMONIA,1
person87_virus_160,PNEUMONIA,1
person880_bacteria_2804,PNEUMONIA,1
person881_bacteria_2805,PNEUMONIA,1
person881_virus_1531,PNEUMONIA,1
person882_bacteria_2806,PNEUMONIA,1
person885_bacteria_2809,PNEUMONIA,1
person886_virus_1536,PNEUMONIA,1
person888_bacteria_2812,PNEUMONIA,1
person889_bacteria_2813,PNEUMONIA,1
person88_virus_163,PNEUMONIA,1
person88_virus_167,PNEUMONIA,1
person890_bacteria_2814,PNEUMONIA,1
person893_bacteria_2818,PNEUMONIA,1
person894_virus_1546,PNEUMONIA,1
person896_virus_1548,PNEUMONIA,1
person898_virus_1552,PNEUMONIA,1
person8_virus_27,PNEUMONIA,1
person8_virus_28,PNEUMONIA,1
person900_virus_1554,PNEUMONIA,1
person901_virus_1555,PNEUMONIA,1
person902_bacteria_2827,PNEUMONIA,1
person909_bacteria_2834,PNEUMONIA,1
person914_virus_1571,PNEUMONIA,1
person916_bacteria_2841,PNEUMONIA,1
person918_bacteria_2843,PNEUMONIA,1
person918_virus_1575,PNEUMONIA,1
person91_bacteria_449,PNEUMONIA,1
person920_virus_1577,PNEUMONIA,1
person925_virus_1582,PNEUMONIA,1
person929_bacteria_2854,PNEUMONIA,1
person92_bacteria_450,PNEUMONIA,1
person92_virus_174,PNEUMONIA,1
person931_bacteria_2856,PNEUMONIA,1
person933_bacteria_2858,PNEUMONIA,1
person936_bacteria_2861,PNEUMONIA,1
person936_virus_1598,PNEUMONIA,1
person937_bacteria_2862,PNEUMONIA,1
person937_virus_1599,PNEUMONIA,1
person938_bacteria_2863,PNEUMONIA,1
person93_virus_175,PNEUMONIA,1
person940_bacteria_2865,PNEUMONIA,1
person940_virus_1602,PNEUMONIA,1
person942_virus_1611,PNEUMONIA,1
person943_bacteria_2868,PNEUMONIA,1
person946_bacteria_2871,PNEUMONIA,1
person94_bacteria_457,PNEUMONIA,1
person951_bacteria_2876,PNEUMONIA,1
person952_bacteria_2877,PNEUMONIA,1
person952_virus_1623,PNEUMONIA,1
person953_bacteria_2878,PNEUMONIA,1
person957_virus_1629,PNEUMONIA,1
person958_virus_1630,PNEUMONIA,1
person95_bacteria_463,PNEUMONIA,1
person961_bacteria_2886,PNEUMONIA,1
person961_virus_1634,PNEUMONIA,1
person962_virus_1635,PNEUMONIA,1
person963_bacteria_2888,PNEUMONIA,1
person963_virus_1636,PNEUMONIA,1
person964_bacteria_2889,PNEUMONIA,1
person965_virus_1638,PNEUMONIA,1
person966_bacteria_2891,PNEUMONIA,1
person966_virus_1639,PNEUMONIA,1
person967_virus_1640,PNEUMONIA,1
person968_virus_1642,PNEUMONIA,1
person96_bacteria_465,PNEUMONIA,1
person96_virus_178,PNEUMONIA,1
person96_virus_179,PNEUMONIA,1
person974_virus_1649,PNEUMONIA,1
person976_bacteria_2901,PNEUMONIA,1
person977_bacteria_2902,PNEUMONIA,1
person978_virus_1653,PNEUMONIA,1
person979_virus_1654,PNEUMONIA,1
person97_bacteria_468,PNEUMONIA,1
person97_virus_180,PNEUMONIA,1
person97_virus_181,PNEUMONIA,1
person982_bacteria_2909,PNEUMONIA,1
person982_virus_1658,PNEUMONIA,1
person983_bacteria_2910,PNEUMONIA,1
person990_bacteria_2917,PNEUMONIA,1
person991_bacteria_2918,PNEUMONIA,1
person991_virus_1669,PNEUMONIA,1
person992_bacteria_2919,PNEUMONIA,1
person992_virus_1670,PNEUMONIA,1
person995_virus_1676,PNEUMONIA,1
person996_bacteria_2924,PNEUMONIA,1
person998_bacteria_2927,PNEUMONIA,1
person998_bacteria_2928,PNEUMONIA,1
person99_bacteria_473,PNEUMONIA,1
person99_virus_183,PNEUMONIA,1
person9_bacteria_39,PNEUMONIA,1
person9_bacteria_40,PNEUMONIA,1
